"","Date","pCO2_parents","pH_parents","pCO2_offspring","pH_offspring","Channel","Chamber_tank","Num_indivs","Lpc","BLANK.mean_Lpc","resp_blankStand","resp_mg_hr","resp_umol_hr","resp_umol_hr_indiv","Filename"
"1","3/16/2023","800 uatm",7.5,"1200 uatm",7,"B6","18",10,-0.007821809,0.0029864295,0.0048353795,2.32098216e-05,0.000725306925,7.25306925e-05,"SDR_979_resp_Plate3.csv"
"2","3/16/2023","800 uatm",7.5,"1200 uatm",7,"C2","17",18,-0.005043017,0.0029864295,0.0020565875,9.87162e-06,0.000308488125,1.71382291666667e-05,"SDR_979_resp_Plate3.csv"
"3","3/16/2023","500 uatm",8,"1200 uatm",7,"A2","15",13,-0.003864049,0.0029864295,0.0008776195,4.2125736e-06,0.000131642925,1.01263788461538e-05,"SDR_873_resp_Plate2.csv"
"4","3/16/2023","800 uatm",7.5,"1200 uatm",7,"A4","16",16,-0.003794691,0.0029864295,0.0008082615,3.8796552e-06,0.000121239225,7.5774515625e-06,"SDR_979_resp_Plate3.csv"
"5","3/16/2023","800 uatm",7.5,"1200 uatm",7,"C3","16",16,-0.006906502,0.0029864295,0.0039200725,1.8816348e-05,0.000588010875,3.67506796875e-05,"SDR_979_resp_Plate3.csv"
"6","3/16/2023","800 uatm",7.5,"1200 uatm",7,"A1","17",18,-0.003340761,0.0029864295,0.0003543315,1.7007912e-06,5.31497249999999e-05,2.9527625e-06,"SDR_979_resp_Plate3.csv"
"7","3/16/2023","500 uatm",8,"1200 uatm",7,"A3","15",13,-0.006756217,0.0029864295,0.0037697875,1.809498e-05,0.000565468125,4.34975480769231e-05,"SDR_873_resp_Plate2.csv"
"8","3/16/2023","800 uatm",7.5,"1200 uatm",7,"B2","17",18,-0.006299771,0.0029864295,0.0033133415,1.59040392e-05,0.000497001225,2.76111791666667e-05,"SDR_979_resp_Plate3.csv"
"9","3/16/2023","500 uatm",8,"1200 uatm",7,"D1","15",13,-0.005902245,0.0029864295,0.0029158155,1.39959144e-05,0.000437372325,3.3644025e-05,"SDR_873_resp_Plate2.csv"
"10","3/16/2023","800 uatm",7.5,"1200 uatm",7,"B4","16",16,-0.005257401,0.0029864295,0.0022709715,1.09006632e-05,0.000340645725,2.12903578125e-05,"SDR_979_resp_Plate3.csv"
"11","3/16/2023","800 uatm",7.5,"1200 uatm",7,"A6","18",10,-0.007931794,0.0029864295,0.0049453645,2.37377496e-05,0.000741804675,7.41804675e-05,"SDR_979_resp_Plate3.csv"
"12","3/16/2023","500 uatm",8,"800 uatm",7.5,"A1","8",19,-0.004206925,0.00285058933333333,0.00135633566666667,6.5104112e-06,0.00020345035,1.07079131578947e-05,"SDR_799_resp_Plate1.csv"
"13","3/16/2023","500 uatm",8,"800 uatm",7.5,"C3","7",18,-0.003763822,0.00285058933333333,0.000913232666666667,4.3835168e-06,0.0001369849,7.61027222222222e-06,"SDR_799_resp_Plate1.csv"
"14","3/16/2023","500 uatm",8,"800 uatm",7.5,"D6","9",12,-0.006114408,0.00285058933333333,0.00326381866666667,1.56663296e-05,0.0004895728,4.07977333333333e-05,"SDR_799_resp_Plate1.csv"
"15","3/16/2023","500 uatm",8,"800 uatm",7.5,"D2","8",19,-0.007574021,0.00285058933333333,0.00472343166666667,2.2672472e-05,0.00070851475,3.729025e-05,"SDR_799_resp_Plate1.csv"
"16","3/16/2023","800 uatm",7.5,"800 uatm",7.5,"B1","12",14,-0.00448909,0.00285058933333333,0.00163850066666667,7.8648032e-06,0.0002457751,1.75553642857143e-05,"SDR_873_resp_Plate2.csv"
"17","3/16/2023","800 uatm",7.5,"800 uatm",7.5,"D5","11",14,-0.010918779,0.00285058933333333,0.00806818966666667,3.87273104e-05,0.00121022845,8.64448892857143e-05,"SDR_873_resp_Plate2.csv"
"18","3/16/2023","800 uatm",7.5,"800 uatm",7.5,"A5","11",14,-0.005223467,0.00285058933333333,0.00237287766666667,1.13898128e-05,0.00035593165,2.54236892857143e-05,"SDR_873_resp_Plate2.csv"
"19","3/16/2023","800 uatm",7.5,"800 uatm",7.5,"B4","11",14,-0.008607665,0.00285058933333333,0.00575707566666667,2.76339632e-05,0.00086356135,6.16829535714286e-05,"SDR_873_resp_Plate2.csv"
"20","3/16/2023","800 uatm",7.5,"800 uatm",7.5,"D2","12",14,-0.00580168,0.00285058933333333,0.00295109066666667,1.41652352e-05,0.0004426636,3.16188285714286e-05,"SDR_873_resp_Plate2.csv"
"21","3/16/2023","800 uatm",7.5,"800 uatm",7.5,"B3","10",17,-0.014469907,0.00285058933333333,0.0116193176666667,5.57727248e-05,0.00174289765,0.000102523391176471,"SDR_979_resp_Plate3.csv"
"22","3/16/2023","800 uatm",7.5,"800 uatm",7.5,"C1","12",14,-0.008011627,0.00285058933333333,0.00516103766666667,2.47729808e-05,0.00077415565,5.52968321428571e-05,"SDR_873_resp_Plate2.csv"
"23","3/16/2023","500 uatm",8,"500 uatm",8,"A4","3",12,-0.00847561,0.003310325,0.005165285,2.4793368e-05,0.00077479275,6.45660625e-05,"SDR_873_resp_Plate2.csv"
"24","3/16/2023","500 uatm",8,"500 uatm",8,"C4","2",12,-0.004242136,0.003310325,0.000931810999999999,4.4726928e-06,0.00013977165,1.16476375e-05,"SDR_979_resp_Plate3.csv"
"25","3/16/2023","800 uatm",7.5,"500 uatm",8,"B2","5",13,-0.00927142,0.003310325,0.005961095,2.8613256e-05,0.00089416425,6.87818653846154e-05,"SDR_873_resp_Plate2.csv"
"26","3/16/2023","500 uatm",8,"500 uatm",8,"B5","3",12,-0.006114831,0.003310325,0.002804506,1.34616288e-05,0.0004206759,3.5056325e-05,"SDR_873_resp_Plate2.csv"
"27","3/16/2023","800 uatm",7.5,"500 uatm",8,"C1","6",12,-0.006996784,0.003310325,0.003686459,1.76950032e-05,0.00055296885,4.60807375e-05,"SDR_979_resp_Plate3.csv"
"28","3/16/2023","800 uatm",7.5,"500 uatm",8,"A3","6",12,-0.006263313,0.003310325,0.002952988,1.41743424e-05,0.0004429482,3.691235e-05,"SDR_979_resp_Plate3.csv"
"29","3/16/2023","800 uatm",7.5,"500 uatm",8,"B1","6",12,-0.004122166,0.003310325,0.000811841,3.8968368e-06,0.00012177615,1.01480125e-05,"SDR_979_resp_Plate3.csv"
"30","3/16/2023","800 uatm",7.5,"500 uatm",8,"D6","4",10,-0.018847242,0.003310325,0.015536917,7.45772016e-05,0.00233053755,0.000233053755,"SDR_873_resp_Plate2.csv"
"31","3/16/2023","500 uatm",8,"500 uatm",8,"C4","3",12,-0.005198347,0.003310325,0.001888022,9.0625056e-06,0.0002832033,2.3600275e-05,"SDR_873_resp_Plate2.csv"
"32","3/16/2023","500 uatm",8,"500 uatm",8,"D2","2",12,-0.005942817,0.003310325,0.002632492,1.26359616e-05,0.0003948738,3.290615e-05,"SDR_979_resp_Plate3.csv"
"33","3/16/2023","500 uatm",8,"500 uatm",8,"D6","2",12,-0.007826281,0.003310325,0.004515956,2.16765888e-05,0.0006773934,5.644945e-05,"SDR_979_resp_Plate3.csv"
"34","3/16/2023","800 uatm",7.5,"500 uatm",8,"C2","5",13,-0.007717002,0.003310325,0.004406677,2.11520496e-05,0.00066100155,5.08462730769231e-05,"SDR_873_resp_Plate2.csv"
"35","3/16/2023","500 uatm",8,"500 uatm",8,"D5","1",16,-0.004055224,0.003310325,0.000744898999999999,3.5755152e-06,0.00011173485,6.983428125e-06,"SDR_799_resp_Plate1.csv"
"36","4/12/2023","500 uatm",8,"1200 uatm",7,"B1","14",4,-0.015203886,0.005591218,0.009612668,4.61408064e-05,0.0014419002,0.00036047505,"SDR_979_resp_Plate3.csv"
"37","4/12/2023","800 uatm",7.5,"1200 uatm",7,"C4","17",1,-0.020819952,0.005591218,0.015228734,7.30979232e-05,0.0022843101,0.0022843101,"SDR_873_resp_Plate2.csv"
"38","4/12/2023","800 uatm",7.5,"1200 uatm",7,"B4","17",1,-0.02284222,0.005591218,0.017251002,8.28048096e-05,0.0025876503,0.0025876503,"SDR_873_resp_Plate2.csv"
"39","4/12/2023","1200 uatm",7,"1200 uatm",7,"C5","25",7,-0.008998846,0.005591218,0.003407628,1.63566144e-05,0.0005111442,7.30206e-05,"SDR_979_resp_Plate3.csv"
"40","4/12/2023","1200 uatm",7,"1200 uatm",7,"D1","27",4,-0.021334402,0.005591218,0.015743184,7.55672832e-05,0.0023614776,0.0005903694,"SDR_799_resp_Plate1.csv"
"41","4/12/2023","500 uatm",8,"1200 uatm",7,"C4","13",4,-0.013057591,0.005591218,0.007466373,3.58385904e-05,0.00111995595,0.0002799889875,"SDR_979_resp_Plate3.csv"
"42","4/12/2023","800 uatm",7.5,"1200 uatm",7,"B6","16",7,-0.007215004,0.005591218,0.001623786,7.7941728e-06,0.0002435679,3.47954142857143e-05,"SDR_979_resp_Plate3.csv"
"43","4/12/2023","500 uatm",8,"1200 uatm",7,"A2","14",4,-0.01445337,0.005591218,0.008862152,4.25383296e-05,0.0013293228,0.0003323307,"SDR_979_resp_Plate3.csv"
"44","4/12/2023","500 uatm",8,"1200 uatm",7,"B1","15",5,-0.020866576,0.005591218,0.015275358,7.33217184e-05,0.0022913037,0.00045826074,"SDR_873_resp_Plate2.csv"
"45","4/12/2023","1200 uatm",7,"1200 uatm",7,"D3","26",7,-0.008831966,0.005591218,0.003240748,1.55555904e-05,0.0004861122,6.94446e-05,"SDR_799_resp_Plate1.csv"
"46","4/12/2023","800 uatm",7.5,"1200 uatm",7,"C2","18",4,-0.019258606,0.005591218,0.013667388,6.56034624e-05,0.0020501082,0.00051252705,"SDR_873_resp_Plate2.csv"
"47","4/12/2023","500 uatm",8,"1200 uatm",7,"D3","13",4,-0.005989703,0.005591218,0.000398485,1.912728e-06,5.977275e-05,1.49431875e-05,"SDR_979_resp_Plate3.csv"
"48","4/12/2023","1200 uatm",7,"1200 uatm",7,"D4","26",7,-0.010655061,0.005591218,0.005063843,2.43064464e-05,0.00075957645,0.000108510921428571,"SDR_799_resp_Plate1.csv"
"49","4/12/2023","800 uatm",7.5,"1200 uatm",7,"D3","18",4,-0.020005933,0.005591218,0.014414715,6.9190632e-05,0.00216220725,0.0005405518125,"SDR_873_resp_Plate2.csv"
"50","4/12/2023","800 uatm",7.5,"1200 uatm",7,"C6","16",7,-0.010705594,0.005591218,0.005114376,2.45490048e-05,0.0007671564,0.000109593771428571,"SDR_979_resp_Plate3.csv"
"51","4/12/2023","1200 uatm",7,"1200 uatm",7,"D5","25",7,-0.013151435,0.005591218,0.007560217,3.62890416e-05,0.00113403255,0.00016200465,"SDR_979_resp_Plate3.csv"
"52","4/12/2023","500 uatm",8,"1200 uatm",7,"A2","15",5,-0.018736415,0.005591218,0.013145197,6.30969456e-05,0.00197177955,0.00039435591,"SDR_873_resp_Plate2.csv"
"53","4/12/2023","1200 uatm",7,"1200 uatm",7,"B1","27",4,-0.020139395,0.005591218,0.014548177,6.98312496e-05,0.00218222655,0.0005455566375,"SDR_799_resp_Plate1.csv"
"54","4/12/2023","1200 uatm",7,"800 uatm",7.5,"B5","22",11,-0.008566676,0.006558652,0.002008024,9.6385152e-06,0.0003012036,2.73821454545455e-05,"SDR_979_resp_Plate3.csv"
"55","4/12/2023","1200 uatm",7,"800 uatm",7.5,"A4","24",4,-0.022823583,0.006558652,0.016264931,7.80716688e-05,0.00243973965,0.0006099349125,"SDR_873_resp_Plate2.csv"
"56","4/12/2023","800 uatm",7.5,"800 uatm",7.5,"C2","10",8,-0.013786945,0.006558652,0.007228293,3.46958064e-05,0.00108424395,0.00013553049375,"SDR_979_resp_Plate3.csv"
"57","4/12/2023","1200 uatm",7,"800 uatm",7.5,"A1","24",4,-0.019283551,0.006558652,0.012724899,6.10795152e-05,0.00190873485,0.0004771837125,"SDR_873_resp_Plate2.csv"
"58","4/12/2023","1200 uatm",7,"800 uatm",7.5,"A5","22",11,-0.014690315,0.006558652,0.008131663,3.90319824e-05,0.00121974945,0.000110886313636364,"SDR_979_resp_Plate3.csv"
"59","4/12/2023","800 uatm",7.5,"800 uatm",7.5,"B3","10",8,-0.01694707,0.006558652,0.010388418,4.98644064e-05,0.0015582627,0.0001947828375,"SDR_979_resp_Plate3.csv"
"60","4/12/2023","500 uatm",8,"800 uatm",7.5,"B5","8",3,-0.020977742,0.006558652,0.01441909,6.9211632e-05,0.0021628635,0.0007209545,"SDR_873_resp_Plate2.csv"
"61","4/12/2023","1200 uatm",7,"800 uatm",7.5,"A2","23",9,-0.016384177,0.006558652,0.009825525,4.716252e-05,0.00147382875,0.00016375875,"SDR_799_resp_Plate1.csv"
"62","4/12/2023","500 uatm",8,"800 uatm",7.5,"B2","9",4,-0.009836685,0.006558652,0.003278033,1.57345584e-05,0.00049170495,0.0001229262375,"SDR_873_resp_Plate2.csv"
"63","4/12/2023","800 uatm",7.5,"800 uatm",7.5,"C1","11",4,-0.011166195,0.006558652,0.004607543,2.21162064e-05,0.00069113145,0.0001727828625,"SDR_799_resp_Plate1.csv"
"64","4/12/2023","500 uatm",8,"800 uatm",7.5,"D6","7",3,-0.007117329,0.006558652,0.000558677,2.6816496e-06,8.38015500000001e-05,2.793385e-05,"SDR_873_resp_Plate2.csv"
"65","4/12/2023","500 uatm",8,"800 uatm",7.5,"B6","8",3,-0.015929059,0.006558652,0.009370407,4.49779536e-05,0.00140556105,0.00046852035,"SDR_873_resp_Plate2.csv"
"66","4/12/2023","800 uatm",7.5,"800 uatm",7.5,"D2","12",7,-0.008590036,0.006558652,0.002031384,9.7506432e-06,0.0003047076,4.35296571428572e-05,"SDR_799_resp_Plate1.csv"
"67","4/12/2023","1200 uatm",7,"800 uatm",7.5,"A5","23",9,-0.021703545,0.006558652,0.015144893,7.26954864e-05,0.00227173395,0.000252414883333333,"SDR_799_resp_Plate1.csv"
"68","4/12/2023","500 uatm",8,"800 uatm",7.5,"C3","9",4,-0.013731651,0.006558652,0.007172999,3.44303952e-05,0.00107594985,0.0002689874625,"SDR_873_resp_Plate2.csv"
"69","4/12/2023","800 uatm",7.5,"800 uatm",7.5,"C2","12",7,-0.015292339,0.006558652,0.008733687,4.19216976e-05,0.00131005305,0.000187150435714286,"SDR_799_resp_Plate1.csv"
"70","4/12/2023","800 uatm",7.5,"800 uatm",7.5,"B3","11",4,-0.013581034,0.006558652,0.007022382,3.37074336e-05,0.0010533573,0.000263339325,"SDR_799_resp_Plate1.csv"
"71","4/12/2023","500 uatm",8,"800 uatm",7.5,"D1","7",3,-0.012254361,0.006558652,0.005695709,2.73394032e-05,0.00085435635,0.00028478545,"SDR_873_resp_Plate2.csv"
"72","4/12/2023","1200 uatm",7,"500 uatm",8,"A1","20",6,-0.014401324,0.0066160525,0.0077852715,3.73693032e-05,0.001167790725,0.0001946317875,"SDR_799_resp_Plate1.csv"
"73","4/12/2023","500 uatm",8,"500 uatm",8,"D2","3",3,-0.018826887,0.0066160525,0.0122108345,5.86120056e-05,0.001831625175,0.000610541725,"SDR_873_resp_Plate2.csv"
"74","4/12/2023","1200 uatm",7,"500 uatm",8,"C3","19",6,-0.020179778,0.0066160525,0.0135637255,6.51058824e-05,0.002034558825,0.0003390931375,"SDR_799_resp_Plate1.csv"
"75","4/12/2023","500 uatm",8,"500 uatm",8,"A6","2",6,-0.019376683,0.0066160525,0.0127606305,6.12510264e-05,0.001914094575,0.0003190157625,"SDR_873_resp_Plate2.csv"
"76","4/12/2023","800 uatm",7.5,"500 uatm",8,"C3","4",7,-0.016899682,0.0066160525,0.0102836295,4.93614216e-05,0.001542544425,0.000220363489285714,"SDR_979_resp_Plate3.csv"
"77","4/12/2023","1200 uatm",7,"500 uatm",8,"A4","21",6,-0.024775044,0.0066160525,0.0181589915,8.71631592e-05,0.002723848725,0.0004539747875,"SDR_799_resp_Plate1.csv"
"78","4/12/2023","800 uatm",7.5,"500 uatm",8,"A3","5",9,-0.020120132,0.0066160525,0.0135040795,6.48195816e-05,0.002025611925,0.000225067991666667,"SDR_873_resp_Plate2.csv"
"79","4/12/2023","500 uatm",8,"500 uatm",8,"A3","1",6,-0.014820351,0.0066160525,0.0082042985,3.93806328e-05,0.001230644775,0.0002051074625,"SDR_979_resp_Plate3.csv"
"80","4/12/2023","800 uatm",7.5,"500 uatm",8,"A5","5",9,-0.016908871,0.0066160525,0.0102928185,4.94055288e-05,0.001543922775,0.000171546975,"SDR_873_resp_Plate2.csv"
"81","4/12/2023","1200 uatm",7,"500 uatm",8,"D5","19",6,-0.013870766,0.0066160525,0.0072547135,3.48226248e-05,0.001088207025,0.0001813678375,"SDR_799_resp_Plate1.csv"
"82","4/12/2023","800 uatm",7.5,"500 uatm",8,"C6","6",4,-0.019226238,0.0066160525,0.0126101855,6.05288904e-05,0.001891527825,0.00047288195625,"SDR_799_resp_Plate1.csv"
"83","4/12/2023","800 uatm",7.5,"500 uatm",8,"B5","6",4,-0.010746237,0.0066160525,0.0041301845,1.98248856e-05,0.000619527675,0.00015488191875,"SDR_799_resp_Plate1.csv"
"84","4/12/2023","1200 uatm",7,"500 uatm",8,"A6","20",6,-0.010145968,0.0066160525,0.0035299155,1.69435944e-05,0.000529487325,8.82478875e-05,"SDR_799_resp_Plate1.csv"
"85","4/12/2023","1200 uatm",7,"500 uatm",8,"B2","21",6,-0.00928755,0.0066160525,0.0026714975,1.2823188e-05,0.000400724625,6.67874375e-05,"SDR_799_resp_Plate1.csv"
"86","4/12/2023","500 uatm",8,"500 uatm",8,"C1","1",6,-0.008296056,0.0066160525,0.0016800035,8.0640168e-06,0.000252000525,4.20000875e-05,"SDR_979_resp_Plate3.csv"
"87","4/12/2023","500 uatm",8,"500 uatm",8,"B3","2",6,-0.02321376,0.0066160525,0.0165977075,7.9668996e-05,0.002489656125,0.0004149426875,"SDR_873_resp_Plate2.csv"
"88","4/12/2023","500 uatm",8,"500 uatm",8,"C1","3",3,-0.018571525,0.0066160525,0.0119554725,5.7386268e-05,0.001793320875,0.000597773625,"SDR_873_resp_Plate2.csv"
"89","4/20/2022","500 uatm",8,"1200 uatm",7,"A1","21",1,-0.000280664,6.62293333333333e-05,0.000214434666666667,1.0292864e-06,3.21652e-05,3.21652e-05,"RR_4.20.22_resp_Plate1.csv"
"90","4/20/2022","800 uatm",7.5,"1200 uatm",7,"D5","23",1,-0.00019396,6.62293333333333e-05,0.000127730666666667,6.131072e-07,1.91596e-05,1.91596e-05,"RR_4.20.22_resp_Plate2.csv"
"91","4/20/2022","1200 uatm",7,"1200 uatm",7,"B4","25",1,-0.000569716,6.62293333333333e-05,0.000503486666666667,2.416736e-06,7.5523e-05,7.5523e-05,"RR_4.20.22_resp_Plate2.csv"
"92","4/20/2022","1200 uatm",7,"1200 uatm",7,"B4","27",1,-0.000174973,6.62293333333333e-05,0.000108743666666667,5.219696e-07,1.631155e-05,1.631155e-05,"RR_4.20.22_resp_Plate1.csv"
"93","4/20/2022","800 uatm",7.5,"1200 uatm",7,"C2","22",1,-0.000274538,6.62293333333333e-05,0.000208308666666667,9.998816e-07,3.12463e-05,3.12463e-05,"RR_4.20.22_resp_Plate1.csv"
"94","4/20/2022","500 uatm",8,"1200 uatm",7,"C5","19",1,-0.000148804,6.62293333333333e-05,8.25746666666667e-05,3.963584e-07,1.23862e-05,1.23862e-05,"RR_4.20.22_resp_Plate2.csv"
"95","4/20/2022","800 uatm",7.5,"1200 uatm",7,"A5","23",4,-0.000418972,6.62293333333333e-05,0.000352742666666667,1.6931648e-06,5.29114e-05,1.322785e-05,"RR_4.20.22_resp_Plate2.csv"
"96","4/20/2022","500 uatm",8,"1200 uatm",7,"C5","21",2,-0.000289514,6.62293333333333e-05,0.000223284666666667,1.0717664e-06,3.34927e-05,1.674635e-05,"RR_4.20.22_resp_Plate1.csv"
"97","4/20/2022","500 uatm",8,"1200 uatm",7,"B1","19",1,-0.000741356,6.62293333333333e-05,0.000675126666666667,3.240608e-06,0.000101269,0.000101269,"RR_4.20.22_resp_Plate2.csv"
"98","4/20/2022","1200 uatm",7,"1200 uatm",7,"C4","26",1,-0.000313238,6.62293333333333e-05,0.000247008666666667,1.1856416e-06,3.70513e-05,3.70513e-05,"RR_4.20.22_resp_Plate2.csv"
"99","4/20/2022","1200 uatm",7,"1200 uatm",7,"A3","26",1,-0.000301455,6.62293333333333e-05,0.000235225666666667,1.1290832e-06,3.528385e-05,3.528385e-05,"RR_4.20.22_resp_Plate2.csv"
"100","4/20/2022","500 uatm",8,"1200 uatm",7,"D2","20",1,-0.00051058,6.62293333333333e-05,0.000444350666666667,2.1328832e-06,6.66526e-05,6.66526e-05,"RR_4.20.22_resp_Plate2.csv"
"101","4/20/2022","500 uatm",8,"800 uatm",7.5,"B1","10",3,-0.000315492,9.105e-05,0.000224442,1.0773216e-06,3.36663e-05,1.12221e-05,"RR_4.20.22_resp_Plate1.csv"
"102","4/20/2022","500 uatm",8,"800 uatm",7.5,"D3","12",1,-0.000645396,9.105e-05,0.000554346,2.6608608e-06,8.31519e-05,8.31519e-05,"RR_4.20.22_resp_Plate2.csv"
"103","4/20/2022","500 uatm",8,"800 uatm",7.5,"D2","11",1,-0.000167103,9.105e-05,7.6053e-05,3.650544e-07,1.140795e-05,1.140795e-05,"RR_4.20.22_resp_Plate1.csv"
"104","4/20/2022","1200 uatm",7,"800 uatm",7.5,"D6","16",1,-0.002216629,9.105e-05,0.002125579,1.02027792e-05,0.00031883685,0.00031883685,"RR_4.20.22_resp_Plate3.csv"
"105","4/20/2022","1200 uatm",7,"800 uatm",7.5,"A4","17",1,-0.000221663,9.105e-05,0.000130613,6.269424e-07,1.959195e-05,1.959195e-05,"RR_4.20.22_resp_Plate1.csv"
"106","4/20/2022","800 uatm",7.5,"500 uatm",8,"D6","4",1,-0.000789141,0.000149775166666667,0.000639365833333333,3.068956e-06,9.5904875e-05,9.5904875e-05,"RR_4.20.22_resp_Plate2.csv"
"107","4/20/2022","1200 uatm",7,"500 uatm",8,"C1","9",1,-0.000484992,0.000149775166666667,0.000335216833333333,1.6090408e-06,5.0282525e-05,5.0282525e-05,"RR_4.20.22_resp_Plate2.csv"
"108","4/20/2022","800 uatm",7.5,"500 uatm",8,"B3","4",1,-0.000543593,0.000149775166666667,0.000393817833333333,1.8903256e-06,5.9072675e-05,5.9072675e-05,"RR_4.20.22_resp_Plate2.csv"
"109","4/20/2022","1200 uatm",7,"500 uatm",8,"A1","9",1,-0.00089677,0.000149775166666667,0.000746994833333333,3.5855752e-06,0.000112049225,0.000112049225,"RR_4.20.22_resp_Plate2.csv"
"110","4/20/2022","500 uatm",8,"500 uatm",8,"A3","3",1,-0.000300794,0.000149775166666667,0.000151018833333333,7.248904e-07,2.2652825e-05,2.2652825e-05,"RR_4.20.22_resp_Plate3.csv"
"111","4/20/2022","800 uatm",7.5,"500 uatm",8,"C5","5",1,-0.000210161,0.000149775166666667,6.03858333333333e-05,2.89852e-07,9.057875e-06,9.057875e-06,"RR_4.20.22_resp_Plate3.csv"
"112","4/21/2023","800 uatm",7.5,"1200 uatm",7,"A1","17",1,-0.006458509,0.00254561933333333,0.00391288966666667,1.87818704e-05,0.00058693345,0.00058693345,"SDR_979_resp_Plate3.csv"
"113","4/21/2023","1200 uatm",7,"1200 uatm",7,"D2","26",1,-0.003163662,0.00254561933333333,0.000618042666666666,2.9666048e-06,9.27064e-05,9.27064e-05,"SDR_799_resp_Plate1.csv"
"114","4/21/2023","800 uatm",7.5,"1200 uatm",7,"C4","16",1,-0.00289292,0.00254561933333333,0.000347300666666667,1.6670432e-06,5.20951e-05,5.20951e-05,"SDR_873_resp_Plate2.csv"
"115","4/21/2023","500 uatm",8,"1200 uatm",7,"B4","13",1,-0.003833468,0.00254561933333333,0.00128784866666667,6.1816736e-06,0.0001931773,0.0001931773,"SDR_873_resp_Plate2.csv"
"116","4/21/2023","500 uatm",8,"1200 uatm",7,"A5","15",2,-0.00321975,0.00254561933333333,0.000674130666666667,3.2358272e-06,0.0001011196,5.05598e-05,"SDR_873_resp_Plate2.csv"
"117","4/21/2023","800 uatm",7.5,"1200 uatm",7,"D2","17",1,-0.003138337,0.00254561933333333,0.000592717666666667,2.8450448e-06,8.890765e-05,8.890765e-05,"SDR_979_resp_Plate3.csv"
"118","4/21/2023","800 uatm",7.5,"1200 uatm",7,"B6","16",2,-0.004356521,0.00254561933333333,0.00181090166666667,8.692328e-06,0.00027163525,0.000135817625,"SDR_873_resp_Plate2.csv"
"119","4/21/2023","800 uatm",7.5,"1200 uatm",7,"B3","18",2,-0.009473868,0.00254561933333333,0.00692824866666667,3.32555936e-05,0.0010392373,0.00051961865,"SDR_979_resp_Plate3.csv"
"120","4/21/2023","500 uatm",8,"1200 uatm",7,"B5","14",1,-0.005033205,0.00254561933333333,0.00248758566666667,1.19404112e-05,0.00037313785,0.00037313785,"SDR_979_resp_Plate3.csv"
"121","4/21/2023","500 uatm",8,"1200 uatm",7,"D5","14",1,-0.004470013,0.00254561933333333,0.00192439366666667,9.2370896e-06,0.00028865905,0.00028865905,"SDR_979_resp_Plate3.csv"
"122","4/21/2023","500 uatm",8,"800 uatm",7.5,"B6","7",1,-0.004679563,0.00194068133333333,0.00273888166666667,1.3146632e-05,0.00041083225,0.00041083225,"SDR_979_resp_Plate3.csv"
"123","4/21/2023","500 uatm",8,"800 uatm",7.5,"A4","7",1,-0.003795432,0.00194068133333333,0.00185475066666667,8.9028032e-06,0.0002782126,0.0002782126,"SDR_979_resp_Plate3.csv"
"124","4/21/2023","800 uatm",7.5,"800 uatm",7.5,"C2","10",1,-0.003772638,0.00194068133333333,0.00183195666666667,8.793392e-06,0.0002747935,0.0002747935,"SDR_799_resp_Plate1.csv"
"125","4/21/2023","800 uatm",7.5,"800 uatm",7.5,"C5","12",1,-0.002671347,0.00194068133333333,0.000730665666666667,3.5071952e-06,0.00010959985,0.00010959985,"SDR_873_resp_Plate2.csv"
"126","4/21/2023","800 uatm",7.5,"800 uatm",7.5,"C1","12",1,-0.003479118,0.00194068133333333,0.00153843666666667,7.384496e-06,0.0002307655,0.0002307655,"SDR_873_resp_Plate2.csv"
"127","4/21/2023","1200 uatm",7,"800 uatm",7.5,"A6","22",1,-0.003356681,0.00194068133333333,0.00141599966666667,6.7967984e-06,0.00021239995,0.00021239995,"SDR_873_resp_Plate2.csv"
"128","4/21/2023","500 uatm",8,"800 uatm",7.5,"A2","8",1,-0.004809184,0.00194068133333333,0.00286850266666667,1.37688128e-05,0.0004302754,0.0004302754,"SDR_979_resp_Plate3.csv"
"129","4/21/2023","1200 uatm",7,"800 uatm",7.5,"B2","24",1,-0.002309598,0.00194068133333333,0.000368916666666667,1.7708e-06,5.53375e-05,5.53375e-05,"SDR_873_resp_Plate2.csv"
"130","4/21/2023","500 uatm",8,"800 uatm",7.5,"D1","8",1,-0.002676558,0.00194068133333333,0.000735876666666667,3.532208e-06,0.0001103815,0.0001103815,"SDR_979_resp_Plate3.csv"
"131","4/21/2023","800 uatm",7.5,"500 uatm",8,"B5","5",1,-0.00306519,0.00225175466666667,0.000813435333333334,3.9044896e-06,0.0001220153,0.0001220153,"SDR_873_resp_Plate2.csv"
"132","4/21/2023","500 uatm",8,"500 uatm",8,"A3","1",1,-0.005273394,0.00225175466666667,0.00302163933333333,1.45038688e-05,0.0004532459,0.0004532459,"SDR_979_resp_Plate3.csv"
"133","4/21/2023","500 uatm",8,"500 uatm",8,"B2","3",1,-0.006593469,0.00225175466666667,0.00434171433333333,2.08402288e-05,0.00065125715,0.00065125715,"SDR_979_resp_Plate3.csv"
"134","4/21/2023","500 uatm",8,"500 uatm",8,"A5","1",1,-0.00541805,0.00225175466666667,0.00316629533333333,1.51982176e-05,0.0004749443,0.0004749443,"SDR_979_resp_Plate3.csv"
"135","4/21/2023","800 uatm",7.5,"500 uatm",8,"A1","5",1,-0.002328,0.00225175466666667,7.62453333333336e-05,3.65977600000001e-07,1.14368e-05,1.14368e-05,"SDR_873_resp_Plate2.csv"
"136","4/21/2023","500 uatm",8,"500 uatm",8,"C4","3",1,-0.004800432,0.00225175466666667,0.00254867733333333,1.22336512e-05,0.0003823016,0.0003823016,"SDR_979_resp_Plate3.csv"
"137","4/21/2023","500 uatm",8,"500 uatm",8,"C2","2",1,-0.003263674,0.00225175466666667,0.00101191933333333,4.8572128e-06,0.0001517879,0.0001517879,"SDR_873_resp_Plate2.csv"
"138","4/22/2022","1200 uatm",7,"1200 uatm",7,"A1","27",3,-0.00924888,0.00853087666666667,0.000718003333333333,3.446416e-06,0.0001077005,3.59001666666667e-05,"RR_4.22.22_resp_Plate1.csv"
"139","4/22/2022","800 uatm",7.5,"1200 uatm",7,"C6","23",4,-0.019406469,0.00853087666666667,0.0108755923333333,5.22028432e-05,0.00163133885,0.0004078347125,"RR_4.22.22_resp_Plate2.csv"
"140","4/22/2022","1200 uatm",7,"1200 uatm",7,"D1","26",3,-0.011062326,0.00853087666666667,0.00253144933333333,1.21509568e-05,0.0003797174,0.000126572466666667,"RR_4.22.22_resp_Plate2.csv"
"141","4/22/2022","500 uatm",8,"1200 uatm",7,"D6","19",2,-0.014000041,0.00853087666666667,0.00546916433333333,2.62519888e-05,0.00082037465,0.000410187325,"RR_4.22.22_resp_Plate2.csv"
"142","4/22/2022","800 uatm",7.5,"1200 uatm",7,"D6","24",1,-0.012461597,0.00853087666666667,0.00393072033333333,1.88674576e-05,0.00058960805,0.00058960805,"RR_4.22.22_resp_Plate1.csv"
"143","4/22/2022","500 uatm",8,"1200 uatm",7,"A3","20",3,-0.018866366,0.00853087666666667,0.0103354893333333,4.96103488e-05,0.0015503234,0.000516774466666667,"RR_4.22.22_resp_Plate2.csv"
"144","4/22/2022","1200 uatm",7,"1200 uatm",7,"D4","26",2,-0.013129086,0.00853087666666667,0.00459820933333333,2.20714048e-05,0.0006897314,0.0003448657,"RR_4.22.22_resp_Plate2.csv"
"145","4/22/2022","1200 uatm",7,"1200 uatm",7,"B2","25",4,-0.016840633,0.00853087666666667,0.00830975633333333,3.98868304e-05,0.00124646345,0.0003116158625,"RR_4.22.22_resp_Plate2.csv"
"146","4/22/2022","1200 uatm",7,"1200 uatm",7,"C1","25",2,-0.008951177,0.00853087666666667,0.000420300333333333,2.0174416e-06,6.304505e-05,3.1522525e-05,"RR_4.22.22_resp_Plate2.csv"
"147","4/22/2022","500 uatm",8,"1200 uatm",7,"C3","19",4,-0.011071317,0.00853087666666667,0.00254044033333333,1.21941136e-05,0.00038106605,9.52665125000001e-05,"RR_4.22.22_resp_Plate2.csv"
"148","4/22/2022","500 uatm",8,"1200 uatm",7,"C4","20",3,-0.014216872,0.00853087666666667,0.00568599533333333,2.72927776e-05,0.0008528993,0.000284299766666667,"RR_4.22.22_resp_Plate2.csv"
"149","4/22/2022","500 uatm",8,"800 uatm",7.5,"A2","10",3,-0.023960915,0.0047264975,0.0192344175,9.2325204e-05,0.002885162625,0.000961720875,"RR_4.22.22_resp_Plate2.csv"
"150","4/22/2022","800 uatm",7.5,"800 uatm",7.5,"A1","15",5,-0.016817321,0.0047264975,0.0120908235,5.80359528e-05,0.001813623525,0.000362724705,"RR_4.22.22_resp_Plate3.csv"
"151","4/22/2022","800 uatm",7.5,"800 uatm",7.5,"A3","13",4,-0.012603709,0.0047264975,0.0078772115,3.78106152e-05,0.001181581725,0.00029539543125,"RR_4.22.22_resp_Plate3.csv"
"152","4/22/2022","500 uatm",8,"800 uatm",7.5,"A4","12",2,-0.025387597,0.0047264975,0.0206610995,9.91732776e-05,0.003099164925,0.0015495824625,"RR_4.22.22_resp_Plate3.csv"
"153","4/22/2022","1200 uatm",7,"800 uatm",7.5,"B4","18",2,-0.01279458,0.0047264975,0.0080680825,3.8726796e-05,0.001210212375,0.0006051061875,"RR_4.22.22_resp_Plate3.csv"
"154","4/22/2022","800 uatm",7.5,"800 uatm",7.5,"B5","13",3,-0.007980968,0.0047264975,0.0032544705,1.56214584e-05,0.000488170575,0.000162723525,"RR_4.22.22_resp_Plate3.csv"
"155","4/22/2022","800 uatm",7.5,"800 uatm",7.5,"D2","14",2,-0.012196497,0.0047264975,0.0074699995,3.58559976e-05,0.001120499925,0.0005602499625,"RR_4.22.22_resp_Plate1.csv"
"156","4/22/2022","1200 uatm",7,"800 uatm",7.5,"C2","16",2,-0.020802244,0.0047264975,0.0160757465,7.71635832e-05,0.002411361975,0.0012056809875,"RR_4.22.22_resp_Plate3.csv"
"157","4/22/2022","500 uatm",8,"800 uatm",7.5,"D5","11",2,-0.008608177,0.0047264975,0.0038816795,1.86320616e-05,0.000582251925,0.0002911259625,"RR_4.22.22_resp_Plate1.csv"
"158","4/22/2022","800 uatm",7.5,"800 uatm",7.5,"C5","15",4,-0.014170575,0.0047264975,0.0094440775,4.5331572e-05,0.001416611625,0.00035415290625,"RR_4.22.22_resp_Plate3.csv"
"159","4/22/2022","500 uatm",8,"800 uatm",7.5,"B2","12",3,-0.020283548,0.0047264975,0.0155570505,7.46738424e-05,0.002333557575,0.000777852525,"RR_4.22.22_resp_Plate3.csv"
"160","4/22/2022","1200 uatm",7,"800 uatm",7.5,"D4","18",2,-0.006944142,0.0047264975,0.0022176445,1.06446936e-05,0.000332646675,0.0001663233375,"RR_4.22.22_resp_Plate3.csv"
"161","4/22/2022","1200 uatm",7,"800 uatm",7.5,"D6","16",3,-0.012226788,0.0047264975,0.0075002905,3.60013944e-05,0.001125043575,0.000375014525,"RR_4.22.22_resp_Plate3.csv"
"162","4/22/2022","800 uatm",7.5,"500 uatm",8,"D2","6",2,-0.016174298,0.0028908208,0.0132834772,6.376069056e-05,0.00199252158,0.00099626079,"RR_4.22.22_resp_Plate2.csv"
"163","4/22/2022","500 uatm",8,"500 uatm",8,"B3","3",2,-0.007420816,0.0028908208,0.0045299952,2.174397696e-05,0.00067949928,0.00033974964,"RR_4.22.22_resp_Plate3.csv"
"164","4/22/2022","1200 uatm",7,"500 uatm",8,"A1","8",4,-0.018585594,0.0028908208,0.0156947732,7.533491136e-05,0.00235421598,0.000588553995,"RR_4.22.22_resp_Plate2.csv"
"165","4/22/2022","800 uatm",7.5,"500 uatm",8,"B5","6",4,-0.014967725,0.0028908208,0.0120769042,5.796914016e-05,0.00181153563,0.0004528839075,"RR_4.22.22_resp_Plate2.csv"
"166","4/22/2022","800 uatm",7.5,"500 uatm",8,"B6","5",3,-0.014926961,0.0028908208,0.0120361402,5.777347296e-05,0.00180542103,0.00060180701,"RR_4.22.22_resp_Plate3.csv"
"167","4/22/2022","1200 uatm",7,"500 uatm",8,"A6","9",3,-0.016559621,0.0028908208,0.0136688002,6.561024096e-05,0.00205032003,0.00068344001,"RR_4.22.22_resp_Plate2.csv"
"168","4/22/2022","500 uatm",8,"500 uatm",8,"C3","1",5,-0.012181057,0.0028908208,0.0092902362,4.459313376e-05,0.00139353543,0.000278707086,"RR_4.22.22_resp_Plate3.csv"
"169","4/22/2022","1200 uatm",7,"500 uatm",8,"C2","9",2,-0.015716432,0.0028908208,0.0128256112,6.156293376e-05,0.00192384168,0.00096192084,"RR_4.22.22_resp_Plate2.csv"
"170","4/22/2022","500 uatm",8,"500 uatm",8,"A6","1",3,-0.010844366,0.0028908208,0.0079535452,3.817701696e-05,0.00119303178,0.00039767726,"RR_4.22.22_resp_Plate3.csv"
"171","4/22/2022","1200 uatm",7,"500 uatm",8,"B3","8",3,-0.009273072,0.0028908208,0.0063822512,3.063480576e-05,0.00095733768,0.00031911256,"RR_4.22.22_resp_Plate2.csv"
"172","4/22/2022","1200 uatm",7,"500 uatm",8,"D3","7",3,-0.01342201,0.0028908208,0.0105311892,5.054970816e-05,0.00157967838,0.00052655946,"RR_4.22.22_resp_Plate3.csv"
"173","4/22/2022","800 uatm",7.5,"500 uatm",8,"C1","5",5,-0.020530609,0.0028908208,0.0176397882,8.467098336e-05,0.00264596823,0.000529193646,"RR_4.22.22_resp_Plate3.csv"
"174","4/22/2022","1200 uatm",7,"500 uatm",8,"A2","7",4,-0.012604217,0.0028908208,0.0097133962,4.662430176e-05,0.00145700943,0.0003642523575,"RR_4.22.22_resp_Plate3.csv"
"175","4/22/2022","500 uatm",8,"500 uatm",8,"D1","3",2,-0.009646829,0.0028908208,0.0067560082,3.242883936e-05,0.00101340123,0.000506700615,"RR_4.22.22_resp_Plate3.csv"
"176","4/7/2023","800 uatm",7.5,"1200 uatm",7,"B3","18",9,-0.024231322,0.005247621,0.018983701,9.11217648e-05,0.00284755515,0.000316395016666667,"SDR_979_resp_Plate3.csv"
"177","4/7/2023","500 uatm",8,"1200 uatm",7,"A3","15",6,-0.009691317,0.005247621,0.004443696,2.13297408e-05,0.0006665544,0.0001110924,"SDR_979_resp_Plate3.csv"
"178","4/7/2023","500 uatm",8,"1200 uatm",7,"B4","14",10,-0.012539104,0.005247621,0.007291483,3.49991184e-05,0.00109372245,0.000109372245,"SDR_873_resp_Plate2.csv"
"179","4/7/2023","1200 uatm",7,"1200 uatm",7,"C6","25",9,-0.007057558,0.005247621,0.001809937,8.6876976e-06,0.00027149055,3.01656166666667e-05,"SDR_799_resp_Plate1.csv"
"180","4/7/2023","800 uatm",7.5,"1200 uatm",7,"C2","16",9,-0.014369748,0.005247621,0.009122127,4.37862096e-05,0.00136831905,0.00015203545,"SDR_979_resp_Plate3.csv"
"181","4/7/2023","500 uatm",8,"1200 uatm",7,"A5","14",10,-0.02871226,0.005247621,0.023464639,0.0001126302672,0.00351969585,0.000351969585,"SDR_873_resp_Plate2.csv"
"182","4/7/2023","500 uatm",8,"1200 uatm",7,"C6","13",7,-0.019966572,0.005247621,0.014718951,7.06509648e-05,0.00220784265,0.000315406092857143,"SDR_873_resp_Plate2.csv"
"183","4/7/2023","500 uatm",8,"1200 uatm",7,"A5","15",6,-0.013756154,0.005247621,0.008508533,4.08409584e-05,0.00127627995,0.000212713325,"SDR_979_resp_Plate3.csv"
"184","4/7/2023","800 uatm",7.5,"1200 uatm",7,"B1","17",4,-0.007662102,0.005247621,0.002414481,1.15895088e-05,0.00036217215,9.05430375e-05,"SDR_873_resp_Plate2.csv"
"185","4/7/2023","800 uatm",7.5,"1200 uatm",7,"B1","18",9,-0.040268775,0.005247621,0.035021154,0.0001681015392,0.0052531731,0.0005836859,"SDR_979_resp_Plate3.csv"
"186","4/7/2023","1200 uatm",7,"1200 uatm",7,"A4","26",8,-0.014288274,0.005247621,0.009040653,4.33951344e-05,0.00135609795,0.00016951224375,"SDR_799_resp_Plate1.csv"
"187","4/7/2023","1200 uatm",7,"1200 uatm",7,"B3","27",9,-0.013725658,0.005247621,0.008478037,4.06945776e-05,0.00127170555,0.000141300616666667,"SDR_799_resp_Plate1.csv"
"188","4/7/2023","800 uatm",7.5,"1200 uatm",7,"B3","17",4,-0.011491228,0.005247621,0.006243607,2.99693136e-05,0.00093654105,0.0002341352625,"SDR_873_resp_Plate2.csv"
"189","4/7/2023","500 uatm",8,"1200 uatm",7,"D5","13",7,-0.015883594,0.005247621,0.010635973,5.10526704e-05,0.00159539595,0.000227913707142857,"SDR_873_resp_Plate2.csv"
"190","4/7/2023","800 uatm",7.5,"1200 uatm",7,"D5","16",9,-0.007411688,0.005247621,0.002164067,1.03875216e-05,0.00032461005,3.60677833333333e-05,"SDR_979_resp_Plate3.csv"
"191","4/7/2023","1200 uatm",7,"1200 uatm",7,"B5","27",9,-0.005486858,0.005247621,0.000239237,1.1483376e-06,3.588555e-05,3.98728333333333e-06,"SDR_799_resp_Plate1.csv"
"192","4/7/2023","500 uatm",8,"800 uatm",7.5,"D1","8",8,-0.017539254,0.007233972,0.010305282,4.94653536e-05,0.0015457923,0.0001932240375,"SDR_873_resp_Plate2.csv"
"193","4/7/2023","1200 uatm",7,"800 uatm",7.5,"A2","24",6,-0.018579552,0.007233972,0.01134558,5.4458784e-05,0.001701837,0.0002836395,"SDR_979_resp_Plate3.csv"
"194","4/7/2023","1200 uatm",7,"800 uatm",7.5,"D1","23",5,-0.012790443,0.007233972,0.005556471,2.66710608e-05,0.00083347065,0.00016669413,"SDR_799_resp_Plate1.csv"
"195","4/7/2023","1200 uatm",7,"800 uatm",7.5,"B6","22",8,-0.008135889,0.007233972,0.000901917,4.3292016e-06,0.00013528755,1.691094375e-05,"SDR_873_resp_Plate2.csv"
"196","4/7/2023","500 uatm",8,"800 uatm",7.5,"C4","7",4,-0.019297199,0.007233972,0.012063227,5.79034896e-05,0.00180948405,0.0004523710125,"SDR_979_resp_Plate3.csv"
"197","4/7/2023","800 uatm",7.5,"800 uatm",7.5,"B1","10",11,-0.016453228,0.007233972,0.009219256,4.42524288e-05,0.0013828884,0.000125717127272727,"SDR_799_resp_Plate1.csv"
"198","4/7/2023","1200 uatm",7,"800 uatm",7.5,"A6","22",8,-0.013664919,0.007233972,0.006430947,3.08685456e-05,0.00096464205,0.00012058025625,"SDR_873_resp_Plate2.csv"
"199","4/7/2023","500 uatm",8,"800 uatm",7.5,"C1","9",5,-0.010490991,0.007233972,0.003257019,1.56336912e-05,0.00048855285,9.771057e-05,"SDR_979_resp_Plate3.csv"
"200","4/7/2023","800 uatm",7.5,"800 uatm",7.5,"A2","11",13,-0.016245377,0.007233972,0.009011405,4.3254744e-05,0.00135171075,0.00010397775,"SDR_873_resp_Plate2.csv"
"201","4/7/2023","800 uatm",7.5,"800 uatm",7.5,"A3","11",13,-0.021728417,0.007233972,0.014494445,6.9573336e-05,0.00217416675,0.000167243596153846,"SDR_873_resp_Plate2.csv"
"202","4/7/2023","500 uatm",8,"800 uatm",7.5,"C3","8",8,-0.017076102,0.007233972,0.00984213,4.7242224e-05,0.0014763195,0.0001845399375,"SDR_873_resp_Plate2.csv"
"203","4/7/2023","800 uatm",7.5,"800 uatm",7.5,"D3","12",10,-0.012258433,0.007233972,0.005024461,2.41174128e-05,0.00075366915,7.5366915e-05,"SDR_799_resp_Plate1.csv"
"204","4/7/2023","500 uatm",8,"800 uatm",7.5,"D1","9",5,-0.0178917,0.007233972,0.010657728,5.11570944e-05,0.0015986592,0.00031973184,"SDR_979_resp_Plate3.csv"
"205","4/7/2023","1200 uatm",7,"800 uatm",7.5,"A6","24",6,-0.014191453,0.007233972,0.006957481,3.33959088e-05,0.00104362215,0.000173937025,"SDR_979_resp_Plate3.csv"
"206","4/7/2023","1200 uatm",7,"800 uatm",7.5,"C4","23",5,-0.013922097,0.007233972,0.006688125,3.2103e-05,0.00100321875,0.00020064375,"SDR_799_resp_Plate1.csv"
"207","4/7/2023","800 uatm",7.5,"500 uatm",8,"A1","6",7,-0.013027011,0.00704089566666667,0.00598611533333333,2.87333536e-05,0.0008979173,0.0001282739,"SDR_799_resp_Plate1.csv"
"208","4/7/2023","1200 uatm",7,"500 uatm",8,"A1","20",6,-0.017584721,0.00704089566666667,0.0105438253333333,5.06103616e-05,0.0015815738,0.000263595633333333,"SDR_873_resp_Plate2.csv"
"209","4/7/2023","500 uatm",8,"500 uatm",8,"A1","1",7,-0.014797243,0.00704089566666667,0.00775634733333333,3.72304672e-05,0.0011634521,0.000166207442857143,"SDR_979_resp_Plate3.csv"
"210","4/7/2023","800 uatm",7.5,"500 uatm",8,"B5","4",11,-0.028776751,0.00704089566666667,0.0217358553333333,0.0001043321056,0.0032603783,0.000296398027272727,"SDR_873_resp_Plate2.csv"
"211","4/7/2023","800 uatm",7.5,"500 uatm",8,"A3","6",7,-0.017864609,0.00704089566666667,0.0108237133333333,5.1953824e-05,0.001623557,0.000231936714285714,"SDR_799_resp_Plate1.csv"
"212","4/7/2023","1200 uatm",7,"500 uatm",8,"B2","21",9,-0.012129981,0.00704089566666667,0.00508908533333333,2.44276096e-05,0.0007633628,8.48180888888889e-05,"SDR_799_resp_Plate1.csv"
"213","4/7/2023","1200 uatm",7,"500 uatm",8,"B2","20",6,-0.013216243,0.00704089566666667,0.00617534733333333,2.96416672e-05,0.0009263021,0.000154383683333333,"SDR_873_resp_Plate2.csv"
"214","4/7/2023","800 uatm",7.5,"500 uatm",8,"A4","4",11,-0.024311485,0.00704089566666667,0.0172705893333333,8.28988288e-05,0.0025905884,0.000235508036363636,"SDR_873_resp_Plate2.csv"
"215","4/7/2023","500 uatm",8,"500 uatm",8,"A4","1",7,-0.014454342,0.00704089566666667,0.00741344633333333,3.55845424e-05,0.00111201695,0.000158859564285714,"SDR_979_resp_Plate3.csv"
"216","4/7/2023","800 uatm",7.5,"500 uatm",8,"A5","6",7,-0.021325946,0.00704089566666667,0.0142850503333333,6.85682416e-05,0.00214275755,0.000306108221428571,"SDR_799_resp_Plate1.csv"
"217","4/7/2023","1200 uatm",7,"500 uatm",8,"D2","19",9,-0.013983428,0.00704089566666667,0.00694253233333333,3.33241552e-05,0.00104137985,0.000115708872222222,"SDR_799_resp_Plate1.csv"
"218","4/7/2023","1200 uatm",7,"500 uatm",8,"B4","21",9,-0.009482664,0.00704089566666667,0.00244176833333333,1.1720488e-05,0.00036626525,4.06961388888889e-05,"SDR_799_resp_Plate1.csv"
"219","4/7/2023","500 uatm",8,"500 uatm",8,"D2","3",8,-0.009873846,0.00704089566666667,0.00283295033333333,1.35981616e-05,0.00042494255,5.311781875e-05,"SDR_979_resp_Plate3.csv"
"220","4/7/2023","800 uatm",7.5,"500 uatm",8,"C4","5",8,-0.023786325,0.00704089566666667,0.0167454293333333,8.03780608e-05,0.0025118144,0.0003139768,"SDR_873_resp_Plate2.csv"
"221","4/7/2023","500 uatm",8,"500 uatm",8,"D4","3",8,-0.012343874,0.00704089566666667,0.00530297833333333,2.5454296e-05,0.00079544675,9.943084375e-05,"SDR_979_resp_Plate3.csv"
"222","4/7/2023","500 uatm",8,"500 uatm",8,"B2","2",6,-0.013352767,0.00704089566666667,0.00631187133333333,3.02969824e-05,0.0009467807,0.000157796783333333,"SDR_979_resp_Plate3.csv"
"223","4/7/2023","800 uatm",7.5,"500 uatm",8,"C1","5",8,-0.018936842,0.00704089566666667,0.0118959463333333,5.71005424e-05,0.00178439195,0.00022304899375,"SDR_873_resp_Plate2.csv"
"224","4/7/2023","500 uatm",8,"500 uatm",8,"B5","2",6,-0.013265726,0.00704089566666667,0.00622483033333333,2.98791856e-05,0.00093372455,0.000155620758333333,"SDR_979_resp_Plate3.csv"
"225","4/7/2023","1200 uatm",7,"500 uatm",8,"C1","19",9,-0.013476041,0.00704089566666667,0.00643514533333333,3.08886976e-05,0.0009652718,0.000107252422222222,"SDR_799_resp_Plate1.csv"
"226","5/18/2023",NA,NA,"1200 uatm",7,"A1","7_B",1,-0.028409091,0.000727228333333333,0.0276818626666667,0.0001328729408,0.0041522794,0.0041522794,"SDR_873_resp_Plate2.csv"
"227","5/18/2023",NA,NA,"1200 uatm",7,"B4","7_B",1,-0.047895105,0.000727228333333333,0.0471678766666667,0.000226405808,0.0070751815,0.0070751815,"SDR_873_resp_Plate2.csv"
"228","5/18/2023",NA,NA,"1200 uatm",7,"D2","7_C",1,-0.031156044,0.000727228333333333,0.0304288156666667,0.0001460583152,0.00456432235,0.00456432235,"SDR_799_resp_Plate3.csv"
"229","5/18/2023",NA,NA,"1200 uatm",7,"B6","7_A",1,-0.011735294,0.000727228333333333,0.0110080656666667,5.28387152e-05,0.00165120985,0.00165120985,"SDR_799_resp_Plate1.csv"
"230","5/18/2023",NA,NA,"1200 uatm",7,"D3","7_C",1,-0.095016883,0.000727228333333333,0.0942896546666667,0.0004525903424,0.0141434482,0.0141434482,"SDR_799_resp_Plate3.csv"
"231","5/18/2023",NA,NA,"1200 uatm",7,"A4","7_A",1,-0.00393007,0.000727228333333333,0.00320284166666667,1.537364e-05,0.00048042625,0.00048042625,"SDR_799_resp_Plate1.csv"
"232","5/18/2023",NA,NA,"1200 uatm",7,"C5","7_B",1,-0.021353147,0.000727228333333333,0.0206259186666667,9.90044096e-05,0.0030938878,0.0030938878,"SDR_873_resp_Plate2.csv"
"233","5/18/2023",NA,NA,"1200 uatm",7,"D4","7_B",1,-0.021924561,0.000727228333333333,0.0211973326666667,0.0001017471968,0.0031795999,0.0031795999,"SDR_873_resp_Plate2.csv"
"234","5/18/2023",NA,NA,"1200 uatm",7,"A5","7_C",1,-0.045939286,0.000727228333333333,0.0452120576666667,0.0002170178768,0.00678180865,0.00678180865,"SDR_799_resp_Plate3.csv"
"235","5/18/2023",NA,NA,"1200 uatm",7,"D1","7_A",1,-0.016527273,0.000727228333333333,0.0158000446666667,7.58402144e-05,0.0023700067,0.0023700067,"SDR_799_resp_Plate1.csv"
"236","5/18/2023",NA,NA,"1200 uatm",7,"B2","7_B",1,-0.028190288,0.000727228333333333,0.0274630596666667,0.0001318226864,0.00411945895,0.00411945895,"SDR_873_resp_Plate2.csv"
"237","5/18/2023",NA,NA,"1200 uatm",7,"C5","7_C",1,-0.006409565,0.000727228333333333,0.00568233666666667,2.7275216e-05,0.0008523505,0.0008523505,"SDR_799_resp_Plate3.csv"
"238","5/18/2023",NA,NA,"1200 uatm",7,"B5","7_A",1,-0.008005495,0.000727228333333333,0.00727826666666667,3.493568e-05,0.00109174,0.00109174,"SDR_799_resp_Plate1.csv"
"239","5/18/2023",NA,NA,"1200 uatm",7,"B2","7_C",1,-0.006182143,0.000727228333333333,0.00545491466666667,2.61835904e-05,0.0008182372,0.0008182372,"SDR_799_resp_Plate3.csv"
"240","5/18/2023",NA,NA,"1200 uatm",7,"D5","7_A",1,-0.037935714,0.000727228333333333,0.0372084856666667,0.0001786007312,0.00558127285,0.00558127285,"SDR_799_resp_Plate1.csv"
"241","5/18/2023",NA,NA,"800 uatm",7.5,"C3","7.5_B",1,-0.023627273,0.000276218333333333,0.0233510546666667,0.0001120850624,0.0035026582,0.0035026582,"SDR_873_resp_Plate2.csv"
"242","5/18/2023",NA,NA,"800 uatm",7.5,"A3","7.5_C",1,-0.005111688,0.000276218333333333,0.00483546966666667,2.32102544e-05,0.00072532045,0.00072532045,"SDR_799_resp_Plate3.csv"
"243","5/18/2023",NA,NA,"800 uatm",7.5,"C6","7.5_A",1,-0.010083916,0.000276218333333333,0.00980769766666667,4.70769488e-05,0.00147115465,0.00147115465,"SDR_799_resp_Plate1.csv"
"244","5/18/2023",NA,NA,"800 uatm",7.5,"C3","7.5_C",1,-0.008242647,0.000276218333333333,0.00796642866666667,3.82388576e-05,0.0011949643,0.0011949643,"SDR_799_resp_Plate3.csv"
"245","5/18/2023",NA,NA,"800 uatm",7.5,"D2","7.5_A",1,-0.003455639,0.000276218333333333,0.00317942066666667,1.52612192e-05,0.0004769131,0.0004769131,"SDR_799_resp_Plate1.csv"
"246","5/18/2023",NA,NA,"800 uatm",7.5,"B1","7.5_C",1,-0.014348872,0.000276218333333333,0.0140726536666667,6.75487376e-05,0.00211089805,0.00211089805,"SDR_799_resp_Plate3.csv"
"247","5/18/2023",NA,NA,"800 uatm",7.5,"A3","7.5_A",1,-0.003578261,0.000276218333333333,0.00330204266666667,1.58498048e-05,0.0004953064,0.0004953064,"SDR_799_resp_Plate1.csv"
"248","5/18/2023",NA,NA,"800 uatm",7.5,"C6","7.5_C",1,-0.000359133,0.000276218333333333,8.29146666666667e-05,3.979904e-07,1.24372e-05,1.24372e-05,"SDR_799_resp_Plate3.csv"
"249","5/18/2023",NA,NA,"800 uatm",7.5,"B4","7.5_C",1,-0.001912088,0.000276218333333333,0.00163586966666667,7.8521744e-06,0.00024538045,0.00024538045,"SDR_799_resp_Plate3.csv"
"250","5/18/2023",NA,NA,"800 uatm",7.5,"A5","7.5_B",1,-0.036854545,0.000276218333333333,0.0365783266666667,0.000175575968,0.005486749,0.005486749,"SDR_873_resp_Plate2.csv"
"251","5/18/2023",NA,NA,"800 uatm",7.5,"D5","7.5_B",1,-0.00857013,0.000276218333333333,0.00829391166666667,3.9810776e-05,0.00124408675,0.00124408675,"SDR_873_resp_Plate2.csv"
"252","5/18/2023",NA,NA,"500 uatm",8,"A6","8_C",1,-0.016142857,0.000506590222222222,0.0156362667777778,7.50540805333333e-05,0.00234544001666667,0.00234544001666667,"SDR_799_resp_Plate3.csv"
"253","5/18/2023",NA,NA,"500 uatm",8,"A1","8_C",1,-0.014565934,0.000506590222222222,0.0140593437777778,6.74848501333334e-05,0.00210890156666667,0.00210890156666667,"SDR_799_resp_Plate3.csv"
"254","5/18/2023",NA,NA,"500 uatm",8,"D2","8_B",1,-0.015587413,0.000506590222222222,0.0150808227777778,7.23879493333333e-05,0.00226212341666667,0.00226212341666667,"SDR_873_resp_Plate2.csv"
"255","5/18/2023",NA,NA,"500 uatm",8,"D4","8_C",1,-0.011176471,0.000506590222222222,0.0106698807777778,5.12154277333333e-05,0.00160048211666667,0.00160048211666667,"SDR_799_resp_Plate3.csv"
"256","5/18/2023",NA,NA,"500 uatm",8,"C4","8_A",1,-0.009153846,0.000506590222222222,0.00864725577777778,4.15068277333333e-05,0.00129708836666667,0.00129708836666667,"SDR_799_resp_Plate1.csv"
"257","5/18/2023",NA,NA,"500 uatm",8,"C1","8_A",1,-0.027842424,0.000506590222222222,0.0273358337777778,0.000131212002133333,0.00410037506666667,0.00410037506666667,"SDR_799_resp_Plate1.csv"
"258","5/18/2023",NA,NA,"500 uatm",8,"C1","8_B",1,-0.004502541,0.000506590222222222,0.00399595077777778,1.91805637333333e-05,0.000599392616666667,0.000599392616666667,"SDR_873_resp_Plate2.csv"
"259","5/18/2023",NA,NA,"500 uatm",8,"B2","8_A",1,-0.005886505,0.000506590222222222,0.00537991477777778,2.58235909333333e-05,0.000806987216666667,0.000806987216666667,"SDR_799_resp_Plate1.csv"
"260","5/18/2023",NA,NA,"500 uatm",8,"C2","8_C",1,-0.026030769,0.000506590222222222,0.0255241787777778,0.000122516058133333,0.00382862681666667,0.00382862681666667,"SDR_799_resp_Plate3.csv"
"261","5/18/2023",NA,NA,"500 uatm",8,"C6","8_B",1,-0.000924812,0.000506590222222222,0.000418221777777778,2.00746453333333e-06,6.27332666666667e-05,6.27332666666667e-05,"SDR_873_resp_Plate2.csv"
"262","5/18/2023",NA,NA,"500 uatm",8,"D4","8_A",1,-0.011591331,0.000506590222222222,0.0110847407777778,5.32067557333333e-05,0.00166271111666667,0.00166271111666667,"SDR_799_resp_Plate1.csv"
"263","5/18/2023",NA,NA,"500 uatm",8,"A6","8_B",1,-0.010074026,0.000506590222222222,0.00956743577777778,4.59236917333333e-05,0.00143511536666667,0.00143511536666667,"SDR_873_resp_Plate2.csv"
"264","5/18/2023",NA,NA,"500 uatm",8,"B3","8_B",1,-0.002061538,0.000506590222222222,0.00155494777777778,7.46374933333333e-06,0.000233242166666667,0.000233242166666667,"SDR_873_resp_Plate2.csv"
"265","8/24/2022",NA,NA,"800 uatm",7.5,"A1","10",1,-0.000322869,0.000162215333333333,0.000160653666666667,7.711376e-07,2.409805e-05,2.409805e-05,"SDR_979_resp_Plate3.csv"
"266","8/24/2022",NA,NA,"800 uatm",7.5,"B1","10",1,-0.000205588,0.000162215333333333,4.33726666666667e-05,2.081888e-07,6.5059e-06,6.5059e-06,"SDR_979_resp_Plate3.csv"
"267","8/24/2022",NA,NA,"500 uatm",8,"A2","2",1,-0.000274394,0.000209685,6.4709e-05,3.106032e-07,9.70635000000001e-06,9.70635000000001e-06,"SDR_979_resp_Plate3.csv"
"268","8/24/2022",NA,NA,"500 uatm",8,"C6","3",1,-0.001030768,0.000209685,0.000821083,3.9411984e-06,0.00012316245,0.00012316245,"SDR_979_resp_Plate3.csv"
"269","8/24/2022",NA,NA,"500 uatm",8,"D4","3",1,-0.000711704,0.000209685,0.000502019,2.4096912e-06,7.530285e-05,7.530285e-05,"SDR_979_resp_Plate3.csv"
"270","8/24/2022",NA,NA,"500 uatm",8,"B3","2",1,-0.000734813,0.000209685,0.000525128,2.5206144e-06,7.87692e-05,7.87692e-05,"SDR_979_resp_Plate3.csv"
"271","8/24/2022",NA,NA,"500 uatm",8,"C1","2",1,-0.000301342,0.000209685,9.1657e-05,4.399536e-07,1.374855e-05,1.374855e-05,"SDR_979_resp_Plate3.csv"
"272","8/29/2022",NA,NA,"500 uatm",8,"A1","extras",1,-0.000842673,0.000365755,0.000476918,2.2892064e-06,7.15377e-05,7.15377e-05,"SDR_799_resp_Plate1.csv"
"273","8/29/2022",NA,NA,"500 uatm",8,"A2","extras",2,-0.001342855,0.000365755,0.0009771,4.69008e-06,0.000146565,7.32825e-05,"SDR_799_resp_Plate1.csv"
"274","8/29/2022",NA,NA,"500 uatm",8,"A3","extras",5,-0.002530989,0.000365755,0.002165234,1.03931232e-05,0.0003247851,6.495702e-05,"SDR_799_resp_Plate1.csv"
"275","8/29/2022",NA,NA,"500 uatm",8,"A4","extras",10,-0.005127909,0.000365755,0.004762154,2.28583392e-05,0.0007143231,7.143231e-05,"SDR_799_resp_Plate1.csv"
"276","8/29/2022",NA,NA,"500 uatm",8,"A5","extras",20,-0.009993357,0.000365755,0.009627602,4.62124896e-05,0.0014441403,7.2207015e-05,"SDR_799_resp_Plate1.csv"
"277","8/29/2022",NA,NA,"500 uatm",8,"B1","extras",1,-0.001505047,0.000365755,0.001139292,5.4686016e-06,0.0001708938,0.0001708938,"SDR_799_resp_Plate1.csv"
"278","8/29/2022",NA,NA,"500 uatm",8,"B2","extras",2,-0.001493635,0.000365755,0.00112788,5.413824e-06,0.000169182,8.4591e-05,"SDR_799_resp_Plate1.csv"
"279","8/29/2022",NA,NA,"500 uatm",8,"B3","extras",5,-0.00117493,0.000365755,0.000809175,3.88404e-06,0.00012137625,2.427525e-05,"SDR_799_resp_Plate1.csv"
"280","8/29/2022",NA,NA,"500 uatm",8,"B4","extras",10,-0.027541558,0.000365755,0.027175803,0.0001304438544,0.00407637045,0.000407637045,"SDR_799_resp_Plate1.csv"
"281","8/29/2022",NA,NA,"500 uatm",8,"B5","extras",20,-0.003699984,0.000365755,0.003334229,1.60042992e-05,0.00050013435,2.50067175e-05,"SDR_799_resp_Plate1.csv"
"282","8/29/2022",NA,NA,"500 uatm",8,"C1","extras",1,-0.001076793,0.000365755,0.000711038,3.4129824e-06,0.0001066557,0.0001066557,"SDR_799_resp_Plate1.csv"
"283","8/29/2022",NA,NA,"500 uatm",8,"C2","extras",2,-0.00449642,0.000365755,0.004130665,1.9827192e-05,0.00061959975,0.000309799875,"SDR_799_resp_Plate1.csv"
"284","8/29/2022",NA,NA,"500 uatm",8,"C3","extras",5,-0.003977546,0.000365755,0.003611791,1.73365968e-05,0.00054176865,0.00010835373,"SDR_799_resp_Plate1.csv"
"285","8/29/2022",NA,NA,"500 uatm",8,"C4","extras",10,-0.026437156,0.000365755,0.026071401,0.0001251427248,0.00391071015,0.000391071015,"SDR_799_resp_Plate1.csv"
"286","8/29/2022",NA,NA,"500 uatm",8,"C5","extras",20,-0.006760708,0.000365755,0.006394953,3.06957744e-05,0.00095924295,4.79621475e-05,"SDR_799_resp_Plate1.csv"
"287","8/29/2022",NA,NA,"500 uatm",8,"D2","extras",2,-0.00157378,0.000365755,0.001208025,5.79852e-06,0.00018120375,9.0601875e-05,"SDR_799_resp_Plate1.csv"
"288","8/29/2022",NA,NA,"500 uatm",8,"D3","extras",5,-0.002002097,0.000365755,0.001636342,7.8544416e-06,0.0002454513,4.909026e-05,"SDR_799_resp_Plate1.csv"
"289","8/29/2022",NA,NA,"500 uatm",8,"D4","extras",10,-0.002853081,0.000365755,0.002487326,1.19391648e-05,0.0003730989,3.730989e-05,"SDR_799_resp_Plate1.csv"
"290","8/29/2022",NA,NA,"500 uatm",8,"D5","extras",20,-0.010094971,0.000365755,0.009729216,4.67002368e-05,0.0014593824,7.296912e-05,"SDR_799_resp_Plate1.csv"
"291","8/30/2022",NA,NA,"800 uatm",7.5,"B2","12",1,-0.012377293,0.00413112175,0.00824617125,3.9581622e-05,0.0012369256875,0.0012369256875,"SDR_873_resp_Plate2.csv"
"292","8/30/2022",NA,NA,"800 uatm",7.5,"A2","10",1,-0.009388206,0.00413112175,0.00525708425,2.52340044e-05,0.0007885626375,0.0007885626375,"SDR_799_resp_Plate1.csv"
"293","8/30/2022",NA,NA,"800 uatm",7.5,"B4","12",1,-0.015511035,0.00413112175,0.01137991325,5.46235836e-05,0.0017069869875,0.0017069869875,"SDR_873_resp_Plate2.csv"
"294","8/30/2022",NA,NA,"800 uatm",7.5,"A4","10",5,-0.023490801,0.00413112175,0.01935967925,9.29264604e-05,0.0029039518875,0.0005807903775,"SDR_799_resp_Plate1.csv"
"295","8/30/2022",NA,NA,"800 uatm",7.5,"A3","11",5,-0.019702907,0.00413112175,0.01557178525,7.47445692e-05,0.0023357677875,0.0004671535575,"SDR_873_resp_Plate2.csv"
"296","8/30/2022",NA,NA,"800 uatm",7.5,"A1","11",5,-0.01864627,0.00413112175,0.01451514825,6.96727116e-05,0.0021772722375,0.0004354544475,"SDR_873_resp_Plate2.csv"
"297","8/30/2022",NA,NA,"800 uatm",7.5,"B3","12",5,-0.023679755,0.00413112175,0.01954863325,9.38334396e-05,0.0029322949875,0.0005864589975,"SDR_873_resp_Plate2.csv"
"298","8/30/2022",NA,NA,"800 uatm",7.5,"A5","10",5,-0.004632858,0.00413112175,0.00050173625,2.408334e-06,7.52604375e-05,1.50520875e-05,"SDR_799_resp_Plate1.csv"
"299","8/30/2022",NA,NA,"800 uatm",7.5,"B5","12",5,-0.01338435,0.00413112175,0.00925322825,4.44154956e-05,0.0013879842375,0.0002775968475,"SDR_873_resp_Plate2.csv"
"300","8/30/2022",NA,NA,"800 uatm",7.5,"B6","12",5,-0.017322043,0.00413112175,0.01319092125,6.3316422e-05,0.0019786381875,0.0003957276375,"SDR_873_resp_Plate2.csv"
"301","8/30/2022",NA,NA,"800 uatm",7.5,"B1","12",1,-0.01483346,0.00413112175,0.01070233825,5.13712236e-05,0.0016053507375,0.0016053507375,"SDR_873_resp_Plate2.csv"
"302","8/30/2022",NA,NA,"800 uatm",7.5,"A2","11",5,-0.012490007,0.00413112175,0.00835888525,4.01226492e-05,0.0012538327875,0.0002507665575,"SDR_873_resp_Plate2.csv"
"303","8/30/2022",NA,NA,"800 uatm",7.5,"A3","10",5,-0.033632722,0.00413112175,0.02950160025,0.0001416076812,0.0044252400375,0.0008850480075,"SDR_799_resp_Plate1.csv"
"304","8/30/2022",NA,NA,"500 uatm",8,"B2","2",1,-0.021281437,0.0086386765,0.0126427605,6.06852504e-05,0.001896414075,0.001896414075,"SDR_799_resp_Plate1.csv"
"305","8/30/2022",NA,NA,"500 uatm",8,"B4","2",5,-0.012630796,0.0086386765,0.0039921195,1.91621736e-05,0.000598817925,0.000119763585,"SDR_799_resp_Plate1.csv"
"306","8/30/2022",NA,NA,"500 uatm",8,"B1","2",1,-0.020384192,0.0086386765,0.0117455155,5.63784744e-05,0.001761827325,0.001761827325,"SDR_799_resp_Plate1.csv"
"307","8/30/2022",NA,NA,"500 uatm",8,"B3","2",5,-0.012979461,0.0086386765,0.0043407845,2.08357656e-05,0.000651117675,0.000130223535,"SDR_799_resp_Plate1.csv"
"308","8/30/2022",NA,NA,"500 uatm",8,"C1","3",5,-0.027938547,0.0086386765,0.0192998705,9.26393784e-05,0.002894980575,0.000578996115,"SDR_873_resp_Plate2.csv"
"309","9/22/2022",NA,NA,"800 uatm",7.5,"A1","7.5",1,-0.024949531,0.00304665309090909,0.0219028779090909,0.000105133813963636,0.00328543168636364,0.00328543168636364,"SDR_799__resp_Plate1.csv"
"310","9/22/2022",NA,NA,"800 uatm",7.5,"A5","7.5",1,-0.034548538,0.00304665309090909,0.0315018849090909,0.000151209047563636,0.00472528273636364,0.00472528273636364,"SDR_979__resp_Plate3.csv"
"311","9/22/2022",NA,NA,"800 uatm",7.5,"A1","7.5",1,-0.009327966,0.00304665309090909,0.00628131290909091,3.01503019636364e-05,0.000942196936363636,0.000942196936363636,"SDR_979__resp_Plate3.csv"
"312","9/22/2022",NA,NA,"800 uatm",7.5,"A2","7.5",1,-0.015998889,0.00304665309090909,0.0129522359090909,6.21707323636364e-05,0.00194283538636364,0.00194283538636364,"SDR_799__resp_Plate1.csv"
"313","9/22/2022",NA,NA,"800 uatm",7.5,"A2","7.5",1,-0.077288846,0.00304665309090909,0.0742421929090909,0.000356362525963636,0.0111363289363636,0.0111363289363636,"SDR_873__resp_Plate2.csv"
"314","9/22/2022",NA,NA,"800 uatm",7.5,"A3","7.5",1,-0.10064228,0.00304665309090909,0.0975956269090909,0.000468459009163636,0.0146393440363636,0.0146393440363636,"SDR_873__resp_Plate2.csv"
"315","9/22/2022",NA,NA,"800 uatm",7.5,"C5","7.5",1,-0.024728262,0.00304665309090909,0.0216816089090909,0.000104071722763636,0.00325224133636364,0.00325224133636364,"SDR_799__resp_Plate1.csv"
"316","9/22/2022",NA,NA,"800 uatm",7.5,"B6","7.5",1,-0.040654653,0.00304665309090909,0.0376079999090909,0.000180518399563636,0.00564119998636364,0.00564119998636364,"SDR_979__resp_Plate3.csv"
"317","9/22/2022",NA,NA,"800 uatm",7.5,"C6","7.5",1,-0.059387216,0.00304665309090909,0.0563405629090909,0.000270434701963636,0.00845108443636364,0.00845108443636364,"SDR_799__resp_Plate1.csv"
"318","9/22/2022",NA,NA,"800 uatm",7.5,"A5","7.5",1,-0.029309849,0.00304665309090909,0.0262631959090909,0.000126063340363636,0.00393947938636364,0.00393947938636364,"SDR_799__resp_Plate1.csv"
"319","9/22/2022",NA,NA,"800 uatm",7.5,"B4","7.5",1,-0.065683137,0.00304665309090909,0.0626364839090909,0.000300655122763636,0.00939547258636364,0.00939547258636364,"SDR_799__resp_Plate1.csv"
"320","9/22/2022",NA,NA,"800 uatm",7.5,"D1","7.5",1,-0.074974899,0.00304665309090909,0.0719282459090909,0.000345255580363636,0.0107892368863636,0.0107892368863636,"SDR_979__resp_Plate3.csv"
"321","9/22/2022",NA,NA,"800 uatm",7.5,"D6","7.5",1,-0.0805486,0.00304665309090909,0.0775019469090909,0.000372009345163636,0.0116252920363636,0.0116252920363636,"SDR_979__resp_Plate3.csv"
"322","9/22/2022",NA,NA,"800 uatm",7.5,"B2","7.5",1,-0.055575306,0.00304665309090909,0.0525286529090909,0.000252137533963636,0.00787929793636364,0.00787929793636364,"SDR_799__resp_Plate1.csv"
"323","9/22/2022",NA,NA,"800 uatm",7.5,"C1","7.5",1,-0.01421091,0.00304665309090909,0.0111642569090909,5.35884331636364e-05,0.00167463853636364,0.00167463853636364,"SDR_799__resp_Plate1.csv"
"324","9/22/2022",NA,NA,"800 uatm",7.5,"D4","7.5",1,-0.03886644,0.00304665309090909,0.0358197869090909,0.000171934977163636,0.00537296803636364,0.00537296803636364,"SDR_873__resp_Plate2.csv"
"325","9/22/2022",NA,NA,"800 uatm",7.5,"B3","7.5",1,-0.073663522,0.00304665309090909,0.0706168689090909,0.000338960970763636,0.0105925303363636,0.0105925303363636,"SDR_979__resp_Plate3.csv"
"326","9/22/2022",NA,NA,"800 uatm",7.5,"C6","7.5",1,-0.021636334,0.00304665309090909,0.0185896809090909,8.92304683636364e-05,0.00278845213636364,0.00278845213636364,"SDR_979__resp_Plate3.csv"
"327","9/22/2022",NA,NA,"800 uatm",7.5,"B4","7.5",1,-0.062693895,0.00304665309090909,0.0596472419090909,0.000286306761163636,0.00894708628636364,0.00894708628636364,"SDR_873__resp_Plate2.csv"
"328","9/22/2022",NA,NA,"800 uatm",7.5,"D6","7.5",1,-0.053558692,0.00304665309090909,0.0505120389090909,0.000242457786763636,0.00757680583636364,0.00757680583636364,"SDR_799__resp_Plate1.csv"
"329","9/22/2022",NA,NA,"800 uatm",7.5,"C3","7.5",1,-0.215509089,0.00304665309090909,0.212462435909091,0.00101981969236364,0.0318693653863636,0.0318693653863636,"SDR_873__resp_Plate2.csv"
"330","9/22/2022",NA,NA,"800 uatm",7.5,"C2","7.5",1,-0.017167601,0.00304665309090909,0.0141209479090909,6.77805499636364e-05,0.00211814218636364,0.00211814218636364,"SDR_799__resp_Plate1.csv"
"331","9/22/2022",NA,NA,"800 uatm",7.5,"C6","7.5",1,-0.021463238,0.00304665309090909,0.0184165849090909,8.83996075636364e-05,0.00276248773636364,0.00276248773636364,"SDR_873__resp_Plate2.csv"
"332","9/22/2022",NA,NA,"800 uatm",7.5,"B6","7.5",1,-0.054876212,0.00304665309090909,0.0518295589090909,0.000248781882763636,0.00777443383636364,0.00777443383636364,"SDR_873__resp_Plate2.csv"
"333","9/22/2022",NA,NA,"800 uatm",7.5,"D5","7.5",1,-0.057018584,0.00304665309090909,0.0539719309090909,0.000259065268363636,0.00809578963636364,0.00809578963636364,"SDR_873__resp_Plate2.csv"
"334","9/22/2022",NA,NA,"500 uatm",8,"B5","8",1,-0.108216941,0.0026757835,0.1055411575,0.000506597556,0.015831173625,0.015831173625,"SDR_979__resp_Plate3.csv"
"335","9/22/2022",NA,NA,"500 uatm",8,"B1","8",1,-0.072650633,0.0026757835,0.0699748495,0.0003358792776,0.010496227425,0.010496227425,"SDR_799__resp_Plate1.csv"
"336","9/22/2022",NA,NA,"500 uatm",8,"A4","8",1,-0.072856432,0.0026757835,0.0701806485,0.0003368671128,0.010527097275,0.010527097275,"SDR_873__resp_Plate2.csv"
"337","9/22/2022",NA,NA,"500 uatm",8,"A4","8",1,-0.004166893,0.0026757835,0.0014911095,7.1573256e-06,0.000223666425,0.000223666425,"SDR_799__resp_Plate1.csv"
"338","9/22/2022",NA,NA,"500 uatm",8,"A1","8",1,-0.004844311,0.0026757835,0.0021685275,1.0408932e-05,0.000325279125,0.000325279125,"SDR_873__resp_Plate2.csv"
"339","9/22/2022",NA,NA,"500 uatm",8,"C5","8",1,-0.046871544,0.0026757835,0.0441957605,0.0002121396504,0.006629364075,0.006629364075,"SDR_873__resp_Plate2.csv"
"340","9/22/2022",NA,NA,"500 uatm",8,"A3","8",1,-0.088004781,0.0026757835,0.0853289975,0.000409579188,0.012799349625,0.012799349625,"SDR_799__resp_Plate1.csv"
"341","9/22/2022",NA,NA,"500 uatm",8,"A4","8",1,-0.139768856,0.0026757835,0.1370930725,0.000658046748,0.020563960875,0.020563960875,"SDR_979__resp_Plate3.csv"
"342","9/22/2022",NA,NA,"500 uatm",8,"B2","8",1,-0.025561729,0.0026757835,0.0228859455,0.0001098525384,0.003432891825,0.003432891825,"SDR_873__resp_Plate2.csv"
"343","9/22/2022",NA,NA,"500 uatm",8,"D2","8",1,-0.07706407,0.0026757835,0.0743882865,0.0003570637752,0.011158242975,0.011158242975,"SDR_873__resp_Plate2.csv"
"344","9/22/2022",NA,NA,"500 uatm",8,"B1","8",1,-0.051000701,0.0026757835,0.0483249175,0.000231959604,0.007248737625,0.007248737625,"SDR_873__resp_Plate2.csv"
"345","9/22/2022",NA,NA,"500 uatm",8,"A3","8",1,-0.13432999,0.0026757835,0.1316542065,0.0006319401912,0.019748130975,0.019748130975,"SDR_979__resp_Plate3.csv"
"346","9/22/2022",NA,NA,"500 uatm",8,"D3","8",1,-0.068130574,0.0026757835,0.0654547905,0.0003141829944,0.009818218575,0.009818218575,"SDR_979__resp_Plate3.csv"
"347","9/22/2022",NA,NA,"500 uatm",8,"B2","8",1,-0.022595716,0.0026757835,0.0199199325,9.5615676e-05,0.002987989875,0.002987989875,"SDR_979__resp_Plate3.csv"
"348","9/22/2022",NA,NA,"500 uatm",8,"B3","8",1,-0.054965258,0.0026757835,0.0522894745,0.0002509894776,0.007843421175,0.007843421175,"SDR_799__resp_Plate1.csv"
"349","9/22/2022",NA,NA,"500 uatm",8,"C2","8",1,-0.043309182,0.0026757835,0.0406333985,0.0001950403128,0.006095009775,0.006095009775,"SDR_979__resp_Plate3.csv"
"350","9/22/2022",NA,NA,"500 uatm",8,"B4","8",1,-0.120025397,0.0026757835,0.1173496135,0.0005632781448,0.017602442025,0.017602442025,"SDR_979__resp_Plate3.csv"
"351","9/22/2022",NA,NA,"500 uatm",8,"D6","8",1,-0.063144812,0.0026757835,0.0604690285,0.0002902513368,0.009070354275,0.009070354275,"SDR_873__resp_Plate2.csv"
