Date,Channel,Lpc,Leq,Lz,alpha,Filename
4/22/2022,A1,-0.00924888,-0.009701911,-0.009701911,0.4,RR_4.22.22_resp_Plate1.csv
4/22/2022,A2,-0.002248456,-0.002449025,-0.002449025,0.4,RR_4.22.22_resp_Plate1.csv
4/22/2022,A3,-0.002841346,-0.00284893,-0.002491856,0.4,RR_4.22.22_resp_Plate1.csv
4/22/2022,A4,-0.00244566,-0.002226488,-0.002087347,0.4,RR_4.22.22_resp_Plate1.csv
4/22/2022,A5,-0.005441693,-0.005987997,-0.005987997,0.4,RR_4.22.22_resp_Plate1.csv
4/22/2022,A6,-0.002209361,-0.001920863,0.000751127,0.4,RR_4.22.22_resp_Plate1.csv
4/22/2022,B1,-0.006466814,-0.006466461,-0.007158055,0.4,RR_4.22.22_resp_Plate1.csv
4/22/2022,B2,-0.001896929,-0.002078022,-0.002078022,0.4,RR_4.22.22_resp_Plate1.csv
4/22/2022,B3,-0.007134447,-0.00612372,-0.00612372,0.4,RR_4.22.22_resp_Plate1.csv
4/22/2022,B4,-0.005273656,-0.005018356,-0.006758992,0.4,RR_4.22.22_resp_Plate1.csv
4/22/2022,B5,-0.00076576,-0.000708163,-0.000708163,0.4,RR_4.22.22_resp_Plate1.csv
4/22/2022,B6,4.17E-05,-0.000189985,0.00015904,0.4,RR_4.22.22_resp_Plate1.csv
4/22/2022,C1,-0.004420358,-0.004420358,-0.005113026,0.4,RR_4.22.22_resp_Plate1.csv
4/22/2022,C2,0.000462947,-0.00018533,-0.00018533,0.4,RR_4.22.22_resp_Plate1.csv
4/22/2022,C3,-0.000689501,-0.000131295,-0.002361059,0.4,RR_4.22.22_resp_Plate1.csv
4/22/2022,C4,-0.003706301,-0.002422711,-0.002268186,0.4,RR_4.22.22_resp_Plate1.csv
4/22/2022,C5,-0.003739175,-0.004030045,-0.004030045,0.4,RR_4.22.22_resp_Plate1.csv
4/22/2022,C6,-0.00165295,-0.001013825,-0.001013825,0.4,RR_4.22.22_resp_Plate1.csv
4/22/2022,D1,-0.013033946,-0.013033946,-0.014370455,0.4,RR_4.22.22_resp_Plate1.csv
4/22/2022,D2,-0.012196497,-0.012380126,-0.012380126,0.4,RR_4.22.22_resp_Plate1.csv
4/22/2022,D3,-0.008881075,-0.009172119,-0.008835525,0.4,RR_4.22.22_resp_Plate1.csv
4/22/2022,D4,7.78E-05,0.000494972,-0.000125054,0.4,RR_4.22.22_resp_Plate1.csv
4/22/2022,D5,-0.008608177,0.000324597,0.000324597,0.4,RR_4.22.22_resp_Plate1.csv
4/22/2022,D6,-0.012461597,-0.012490642,-0.013153421,0.4,RR_4.22.22_resp_Plate1.csv
4/22/2022,A1,-0.018585594,-0.018780236,-0.01833629,0.4,RR_4.22.22_resp_Plate2.csv
4/22/2022,A2,-0.023960915,-0.024282714,-0.024282714,0.4,RR_4.22.22_resp_Plate2.csv
4/22/2022,A3,-0.018866366,-0.018916049,-0.018914046,0.4,RR_4.22.22_resp_Plate2.csv
4/22/2022,A4,-0.006689289,-0.006943057,-0.006943057,0.4,RR_4.22.22_resp_Plate2.csv
4/22/2022,A5,0.001822344,0.001822344,0.001951165,0.4,RR_4.22.22_resp_Plate2.csv
4/22/2022,A6,-0.016559621,-0.016478652,-0.016274054,0.4,RR_4.22.22_resp_Plate2.csv
4/22/2022,B1,-0.00215393,-0.002100778,-0.002100778,0.4,RR_4.22.22_resp_Plate2.csv
4/22/2022,B2,-0.016840633,-0.017180888,-0.017180888,0.4,RR_4.22.22_resp_Plate2.csv
4/22/2022,B3,-0.009273072,-0.009096483,-0.008289652,0.4,RR_4.22.22_resp_Plate2.csv
4/22/2022,B4,-0.008923226,-0.00898609,-0.009328495,0.4,RR_4.22.22_resp_Plate2.csv
4/22/2022,B5,-0.014967725,-0.015052203,-0.01461861,0.4,RR_4.22.22_resp_Plate2.csv
4/22/2022,B6,-0.009790029,-0.009850377,-0.009850377,0.4,RR_4.22.22_resp_Plate2.csv
4/22/2022,C1,-0.008951177,-0.00865668,-0.008568089,0.4,RR_4.22.22_resp_Plate2.csv
4/22/2022,C2,-0.015716432,-0.015716432,-0.014482172,0.4,RR_4.22.22_resp_Plate2.csv
4/22/2022,C3,-0.011071317,-0.011130277,-0.01021407,0.4,RR_4.22.22_resp_Plate2.csv
4/22/2022,C4,-0.014216872,-0.014329732,-0.01431587,0.4,RR_4.22.22_resp_Plate2.csv
4/22/2022,C5,-0.000705709,-0.000518326,-0.000518326,0.4,RR_4.22.22_resp_Plate2.csv
4/22/2022,C6,-0.019406469,-0.019442648,-0.0196947,0.4,RR_4.22.22_resp_Plate2.csv
4/22/2022,D1,-0.011062326,-0.011062326,-0.011281729,0.4,RR_4.22.22_resp_Plate2.csv
4/22/2022,D2,-0.016174298,-0.016174298,-0.016191043,0.4,RR_4.22.22_resp_Plate2.csv
4/22/2022,D3,-0.014305025,-0.01457307,-0.014473407,0.4,RR_4.22.22_resp_Plate2.csv
4/22/2022,D4,-0.013129086,-0.013129086,-0.013129086,0.4,RR_4.22.22_resp_Plate2.csv
4/22/2022,D5,-0.014932678,-0.014932678,-0.015734825,0.4,RR_4.22.22_resp_Plate2.csv
4/22/2022,D6,-0.014000041,-0.014473469,-0.014473469,0.4,RR_4.22.22_resp_Plate2.csv
4/22/2022,A1,-0.016817321,-0.016817321,-0.016894471,0.4,RR_4.22.22_resp_Plate3.csv
4/22/2022,A2,-0.012604217,-0.012821599,-0.012821599,0.4,RR_4.22.22_resp_Plate3.csv
4/22/2022,A3,-0.012603709,-0.012078559,-0.012078559,0.4,RR_4.22.22_resp_Plate3.csv
4/22/2022,A4,-0.025387597,-0.025594219,-0.026645858,0.4,RR_4.22.22_resp_Plate3.csv
4/22/2022,A5,-0.009884872,-0.009251852,-0.008930069,0.4,RR_4.22.22_resp_Plate3.csv
4/22/2022,A6,-0.010844366,-0.011285678,-0.011285678,0.4,RR_4.22.22_resp_Plate3.csv
4/22/2022,B1,-0.00289308,-0.00289308,-0.00289308,0.4,RR_4.22.22_resp_Plate3.csv
4/22/2022,B2,-0.020283548,-0.018378664,-0.018378664,0.4,RR_4.22.22_resp_Plate3.csv
4/22/2022,B3,-0.007420816,-0.007406055,-0.006915918,0.4,RR_4.22.22_resp_Plate3.csv
4/22/2022,B4,-0.01279458,-0.012690683,-0.012712566,0.4,RR_4.22.22_resp_Plate3.csv
4/22/2022,B5,-0.007980968,-0.007805905,-0.007805905,0.4,RR_4.22.22_resp_Plate3.csv
4/22/2022,B6,-0.014926961,-0.014641448,-0.014641448,0.4,RR_4.22.22_resp_Plate3.csv
4/22/2022,C1,-0.020530609,-0.021265882,-0.021265882,0.4,RR_4.22.22_resp_Plate3.csv
4/22/2022,C2,-0.020802244,-0.020802244,-0.018772327,0.4,RR_4.22.22_resp_Plate3.csv
4/22/2022,C3,-0.012181057,-0.010396616,-0.010542399,0.4,RR_4.22.22_resp_Plate3.csv
4/22/2022,C4,-0.01738458,-0.017202296,-0.017202296,0.4,RR_4.22.22_resp_Plate3.csv
4/22/2022,C5,-0.014170575,-0.014503428,-0.014282434,0.4,RR_4.22.22_resp_Plate3.csv
4/22/2022,C6,-0.009771041,-0.009771041,-0.009881352,0.4,RR_4.22.22_resp_Plate3.csv
4/22/2022,D1,-0.009646829,-0.009646829,-0.009729482,0.4,RR_4.22.22_resp_Plate3.csv
4/22/2022,D2,-0.002955108,-0.002986732,-0.002986732,0.4,RR_4.22.22_resp_Plate3.csv
4/22/2022,D3,-0.01342201,-0.013517044,-0.013517044,0.4,RR_4.22.22_resp_Plate3.csv
4/22/2022,D4,-0.006944142,-0.006909622,-0.006850767,0.4,RR_4.22.22_resp_Plate3.csv
4/22/2022,D5,-0.009999757,-0.010136149,-0.010136149,0.4,RR_4.22.22_resp_Plate3.csv
4/22/2022,D6,-0.012226788,-0.01234106,-0.011994355,0.4,RR_4.22.22_resp_Plate3.csv
8/24/2022,A1,-3.21E-05,-0.001157263,-0.001157263,0.4,SDR_799_resp_Plate1.csv
8/24/2022,A2,0.000101805,-0.00368095,-0.00368095,0.4,SDR_799_resp_Plate1.csv
8/24/2022,A3,0.00099102,0.000997301,0.000979184,0.4,SDR_799_resp_Plate1.csv
8/24/2022,A4,0.001456153,0.001887173,0.001608688,0.4,SDR_799_resp_Plate1.csv
8/24/2022,A5,0.001256515,0.001256515,0.001653573,0.4,SDR_799_resp_Plate1.csv
8/24/2022,A6,0.002170375,0.002170375,0.002170375,0.4,SDR_799_resp_Plate1.csv
8/24/2022,B1,0.000717873,0.002091277,0.002091277,0.4,SDR_799_resp_Plate1.csv
8/24/2022,B2,0.002382253,0.002468461,0.002468461,0.4,SDR_799_resp_Plate1.csv
8/24/2022,B3,0.002188313,-0.002229021,-0.001569105,0.4,SDR_799_resp_Plate1.csv
8/24/2022,B4,0.001593757,0.001282418,0.001228073,0.4,SDR_799_resp_Plate1.csv
8/24/2022,B5,0.002365863,0.002253416,0.001533349,0.4,SDR_799_resp_Plate1.csv
8/24/2022,B6,0.001220243,0.001017297,0.001017297,0.4,SDR_799_resp_Plate1.csv
8/24/2022,C1,0.000159794,0.000159794,0.004159754,0.4,SDR_799_resp_Plate1.csv
8/24/2022,C2,0.000720531,0.000577524,0.00017223,0.4,SDR_799_resp_Plate1.csv
8/24/2022,C3,2.51E-05,2.51E-05,2.51E-05,0.4,SDR_799_resp_Plate1.csv
8/24/2022,C4,0.000796849,0.000490884,0.002770852,0.4,SDR_799_resp_Plate1.csv
8/24/2022,C5,0.000944226,0.001209333,0.001209333,0.4,SDR_799_resp_Plate1.csv
8/24/2022,C6,0.000886357,0.001470073,0.001470073,0.4,SDR_799_resp_Plate1.csv
8/24/2022,D1,0.000102984,0.001770682,0.001770682,0.4,SDR_799_resp_Plate1.csv
8/24/2022,D2,0.001385183,0.001326233,0.001326233,0.4,SDR_799_resp_Plate1.csv
8/24/2022,D3,0.001401373,0.001401373,0.00188898,0.4,SDR_799_resp_Plate1.csv
8/24/2022,D4,0.000822412,0.000587904,0.000587904,0.4,SDR_799_resp_Plate1.csv
8/24/2022,D5,0.000706699,0.001384224,0.001843982,0.4,SDR_799_resp_Plate1.csv
8/24/2022,D6,0.001798863,0.002195833,0.002244755,0.4,SDR_799_resp_Plate1.csv
8/24/2022,A1,0.000116375,0.000116375,-0.00010966,0.4,SDR_873_resp_Plate2.csv
8/24/2022,A2,0.000266267,0.000475305,0.000300742,0.4,SDR_873_resp_Plate2.csv
8/24/2022,A3,0.000133885,0.000133885,0.001032566,0.4,SDR_873_resp_Plate2.csv
8/24/2022,A4,0.001325393,0.001292702,0.001288018,0.4,SDR_873_resp_Plate2.csv
8/24/2022,A5,0.000609323,0.000609323,0.000390553,0.4,SDR_873_resp_Plate2.csv
8/24/2022,A6,0.00042372,0.000420223,-5.95E-05,0.4,SDR_873_resp_Plate2.csv
8/24/2022,B1,0.00067948,0.000833654,0.000833654,0.4,SDR_873_resp_Plate2.csv
8/24/2022,B2,0.000861907,0.000915131,0.000915131,0.4,SDR_873_resp_Plate2.csv
8/24/2022,B3,0.000458083,0.000363085,0.000363085,0.4,SDR_873_resp_Plate2.csv
8/24/2022,B4,0.001135694,0.001116586,0.000759809,0.4,SDR_873_resp_Plate2.csv
8/24/2022,B5,-0.000338593,-0.000344842,-0.00031609,0.4,SDR_873_resp_Plate2.csv
8/24/2022,B6,0.000414104,0.000411735,0.001032149,0.4,SDR_873_resp_Plate2.csv
8/24/2022,C1,0.000301968,0.000350276,0.000334485,0.4,SDR_873_resp_Plate2.csv
8/24/2022,C2,0.000520158,0.000520158,0.000520158,0.4,SDR_873_resp_Plate2.csv
8/24/2022,C3,0.003549264,0.005253126,0.005253126,0.4,SDR_873_resp_Plate2.csv
8/24/2022,C4,0.001061219,0.000702573,0.000702573,0.4,SDR_873_resp_Plate2.csv
8/24/2022,C5,0.000338364,0.000321363,0.000321363,0.4,SDR_873_resp_Plate2.csv
8/24/2022,C6,0.000633629,0.000609986,0.000813417,0.4,SDR_873_resp_Plate2.csv
8/24/2022,D1,0.000261321,0.000289897,0.000289897,0.4,SDR_873_resp_Plate2.csv
8/24/2022,D2,0.000251904,0.000251271,0.00034595,0.4,SDR_873_resp_Plate2.csv
8/24/2022,D3,0.000302248,0.000424765,0.00045102,0.4,SDR_873_resp_Plate2.csv
8/24/2022,D4,0.000439224,0.000671634,0.000671634,0.4,SDR_873_resp_Plate2.csv
8/24/2022,D5,0.000712787,0.000712787,0.000712787,0.4,SDR_873_resp_Plate2.csv
8/24/2022,D6,0.000277495,0.000277495,0.000277495,0.4,SDR_873_resp_Plate2.csv
8/24/2022,A1,-0.000322869,-0.000322869,0.000543265,0.4,SDR_979_resp_Plate3.csv
8/24/2022,A2,-0.000274394,-0.000155182,-0.000164115,0.4,SDR_979_resp_Plate3.csv
8/24/2022,A3,-0.000383327,-0.000223218,-0.000223218,0.4,SDR_979_resp_Plate3.csv
8/24/2022,A4,-0.000334024,0.000340349,0.000340349,0.4,SDR_979_resp_Plate3.csv
8/24/2022,A5,3.63E-05,3.63E-05,-3.67E-05,0.4,SDR_979_resp_Plate3.csv
8/24/2022,A6,-0.00032381,-0.000472949,-0.00052779,0.4,SDR_979_resp_Plate3.csv
8/24/2022,B1,-0.000205588,-0.000205588,-0.000702779,0.4,SDR_979_resp_Plate3.csv
8/24/2022,B2,-0.000973913,-0.000869766,-0.000955294,0.4,SDR_979_resp_Plate3.csv
8/24/2022,B3,-0.000734813,-0.000734813,-0.001143241,0.4,SDR_979_resp_Plate3.csv
8/24/2022,B4,0.000206719,0.000206719,0.000206719,0.4,SDR_979_resp_Plate3.csv
8/24/2022,B5,7.47E-05,3.68E-05,-0.001058824,0.4,SDR_979_resp_Plate3.csv
8/24/2022,B6,-0.00024324,-0.000157516,-0.000157516,0.4,SDR_979_resp_Plate3.csv
8/24/2022,C1,-0.000301342,-0.000301342,-0.000846166,0.4,SDR_979_resp_Plate3.csv
8/24/2022,C2,-2.05E-05,-0.000802978,-0.000802978,0.4,SDR_979_resp_Plate3.csv
8/24/2022,C3,-0.000703732,-0.000703732,-0.000392897,0.4,SDR_979_resp_Plate3.csv
8/24/2022,C4,-0.000314538,1.87E-05,1.87E-05,0.4,SDR_979_resp_Plate3.csv
8/24/2022,C5,-7.63E-05,-6.53E-05,-6.53E-05,0.4,SDR_979_resp_Plate3.csv
8/24/2022,C6,-0.001030768,-0.001121138,-0.001121138,0.4,SDR_979_resp_Plate3.csv
8/24/2022,D1,0.000217635,0.000192176,0.000192176,0.4,SDR_979_resp_Plate3.csv
8/24/2022,D2,-0.00016458,-8.13E-05,0.000642423,0.4,SDR_979_resp_Plate3.csv
8/24/2022,D3,-0.000816432,-0.000356394,-0.000356394,0.4,SDR_979_resp_Plate3.csv
8/24/2022,D4,-0.000711704,-0.000711704,-0.000711704,0.4,SDR_979_resp_Plate3.csv
8/24/2022,D5,3.58E-05,9.85E-05,-0.000589459,0.4,SDR_979_resp_Plate3.csv
8/24/2022,D6,-0.00011921,-0.000194786,-0.000194786,0.4,SDR_979_resp_Plate3.csv
8/29/2022,A1,-0.000842673,0.000108235,0.000108235,0.4,SDR_799_resp_Plate1.csv
8/29/2022,A2,-0.001342855,-0.001342855,-0.001124898,0.4,SDR_799_resp_Plate1.csv
8/29/2022,A3,-0.002530989,-0.002509124,-0.001660377,0.4,SDR_799_resp_Plate1.csv
8/29/2022,A4,-0.005127909,-0.005738103,-0.005738103,0.4,SDR_799_resp_Plate1.csv
8/29/2022,A5,-0.009993357,-0.009993856,-0.009993856,0.4,SDR_799_resp_Plate1.csv
8/29/2022,A6,-0.000647025,-1.27E-05,0.000173121,0.4,SDR_799_resp_Plate1.csv
8/29/2022,B1,-0.001505047,-0.001505047,-0.00224099,0.4,SDR_799_resp_Plate1.csv
8/29/2022,B2,-0.001493635,-0.001219557,-0.001219557,0.4,SDR_799_resp_Plate1.csv
8/29/2022,B3,-0.00117493,-0.001239922,-0.001222453,0.4,SDR_799_resp_Plate1.csv
8/29/2022,B4,-0.027541558,-0.027541558,-0.028424498,0.4,SDR_799_resp_Plate1.csv
8/29/2022,B5,-0.003699984,-0.003699984,-0.00334552,0.4,SDR_799_resp_Plate1.csv
8/29/2022,B6,0.000152545,9.15E-06,-0.000433133,0.4,SDR_799_resp_Plate1.csv
8/29/2022,C1,-0.001076793,-0.000310664,-7.30E-05,0.4,SDR_799_resp_Plate1.csv
8/29/2022,C2,-0.00449642,-0.00449642,-0.00449642,0.4,SDR_799_resp_Plate1.csv
8/29/2022,C3,-0.003977546,-0.003977546,-0.006771861,0.4,SDR_799_resp_Plate1.csv
8/29/2022,C4,-0.026437156,-0.027244163,-0.027244163,0.4,SDR_799_resp_Plate1.csv
8/29/2022,C5,-0.006760708,-0.006840035,-0.006840035,0.4,SDR_799_resp_Plate1.csv
8/29/2022,C6,6.54E-06,6.54E-06,-0.000584687,0.4,SDR_799_resp_Plate1.csv
8/29/2022,D1,0.000471436,0.000420202,0.000420202,0.4,SDR_799_resp_Plate1.csv
8/29/2022,D2,-0.00157378,-0.00157378,-0.001607732,0.4,SDR_799_resp_Plate1.csv
8/29/2022,D3,-0.002002097,-0.001991847,-0.001991847,0.4,SDR_799_resp_Plate1.csv
8/29/2022,D4,-0.002853081,-0.002853081,-0.003725541,0.4,SDR_799_resp_Plate1.csv
8/29/2022,D5,-0.010094971,-0.010094971,-0.008994082,0.4,SDR_799_resp_Plate1.csv
8/29/2022,D6,-0.000815995,-0.000823661,-0.000823661,0.4,SDR_799_resp_Plate1.csv
8/30/2022,A1,-0.003327416,-0.004102127,-0.004097995,0.4,SDR_799_resp_Plate1.csv
8/30/2022,A2,-0.009388206,-0.009388206,-0.007828654,0.4,SDR_799_resp_Plate1.csv
8/30/2022,A3,-0.033632722,-0.033804851,-0.033865133,0.4,SDR_799_resp_Plate1.csv
8/30/2022,A4,-0.023490801,-0.022859046,-0.019552199,0.4,SDR_799_resp_Plate1.csv
8/30/2022,A5,-0.004632858,-0.004556319,-0.003503791,0.4,SDR_799_resp_Plate1.csv
8/30/2022,A6,-0.010860284,-0.010779994,-0.010779994,0.4,SDR_799_resp_Plate1.csv
8/30/2022,B1,-0.020384192,-0.020409415,-0.020430558,0.4,SDR_799_resp_Plate1.csv
8/30/2022,B2,-0.021281437,-0.020265386,-0.020208524,0.4,SDR_799_resp_Plate1.csv
8/30/2022,B3,-0.012979461,-0.014011303,-0.014011303,0.4,SDR_799_resp_Plate1.csv
8/30/2022,B4,-0.012630796,-0.010638044,-0.010638044,0.4,SDR_799_resp_Plate1.csv
8/30/2022,B5,-0.009923548,-0.007035669,-0.007325587,0.4,SDR_799_resp_Plate1.csv
8/30/2022,B6,-0.005489189,-0.005477275,-0.00322143,0.4,SDR_799_resp_Plate1.csv
8/30/2022,C1,-0.002531876,-0.002619961,-0.002619961,0.4,SDR_799_resp_Plate1.csv
8/30/2022,C2,-0.00941719,-0.016550274,-0.016550274,0.4,SDR_799_resp_Plate1.csv
8/30/2022,C3,-0.003694578,-0.004613564,-0.004558347,0.4,SDR_799_resp_Plate1.csv
8/30/2022,C4,-0.010006954,-0.009809453,-0.009736464,0.4,SDR_799_resp_Plate1.csv
8/30/2022,C5,-0.000541085,-0.000580184,0.003090945,0.4,SDR_799_resp_Plate1.csv
8/30/2022,C6,-0.012613015,-0.00705043,-0.006980638,0.4,SDR_799_resp_Plate1.csv
8/30/2022,D1,-0.019390433,-0.019344462,-0.019344462,0.4,SDR_799_resp_Plate1.csv
8/30/2022,D2,-0.013566306,-0.013605235,-0.013546902,0.4,SDR_799_resp_Plate1.csv
8/30/2022,D3,-0.023168735,-0.012698498,-0.012698498,0.4,SDR_799_resp_Plate1.csv
8/30/2022,D4,-0.003787937,-0.003687303,-0.003687303,0.4,SDR_799_resp_Plate1.csv
8/30/2022,D5,-0.010830104,-0.010774771,-0.010774771,0.4,SDR_799_resp_Plate1.csv
8/30/2022,D6,-0.005001851,-0.003070205,-0.003070205,0.4,SDR_799_resp_Plate1.csv
8/30/2022,A1,-0.01864627,-0.019332381,-0.019332381,0.4,SDR_873_resp_Plate2.csv
8/30/2022,A2,-0.012490007,-0.013415865,-0.013415865,0.4,SDR_873_resp_Plate2.csv
8/30/2022,A3,-0.019702907,-0.018770093,-0.020345881,0.4,SDR_873_resp_Plate2.csv
8/30/2022,A4,-0.021279677,-0.018067618,-0.017119062,0.4,SDR_873_resp_Plate2.csv
8/30/2022,A5,-0.015407953,-0.016755161,-0.01670685,0.4,SDR_873_resp_Plate2.csv
8/30/2022,A6,-0.019148419,-0.019148419,-0.019477621,0.4,SDR_873_resp_Plate2.csv
8/30/2022,B1,-0.01483346,-0.012456949,-0.012456949,0.4,SDR_873_resp_Plate2.csv
8/30/2022,B2,-0.012377293,-0.012377293,-0.010591258,0.4,SDR_873_resp_Plate2.csv
8/30/2022,B3,-0.023679755,-0.023688887,-0.020950019,0.4,SDR_873_resp_Plate2.csv
8/30/2022,B4,-0.015511035,-0.017359346,-0.013739061,0.4,SDR_873_resp_Plate2.csv
8/30/2022,B5,-0.01338435,-0.012284218,-0.012284218,0.4,SDR_873_resp_Plate2.csv
8/30/2022,B6,-0.017322043,-0.017606169,-0.014078434,0.4,SDR_873_resp_Plate2.csv
8/30/2022,C1,-0.027938547,-0.027771936,-0.027771936,0.4,SDR_873_resp_Plate2.csv
8/30/2022,C2,-0.00513498,-0.005201229,-0.005201229,0.4,SDR_873_resp_Plate2.csv
8/30/2022,C3,-0.029510682,-0.029570929,-0.029570929,0.4,SDR_873_resp_Plate2.csv
8/30/2022,C4,-0.014306548,-0.014453535,-0.012087028,0.4,SDR_873_resp_Plate2.csv
8/30/2022,C5,-0.018829413,-0.020286916,-0.019985909,0.4,SDR_873_resp_Plate2.csv
8/30/2022,C6,-0.009143455,-0.009143455,-0.008612257,0.4,SDR_873_resp_Plate2.csv
8/30/2022,D1,-0.00749251,-0.007027504,-0.007027504,0.4,SDR_873_resp_Plate2.csv
8/30/2022,D2,-0.009934109,-0.009438317,-0.009525272,0.4,SDR_873_resp_Plate2.csv
8/30/2022,D3,-0.004864157,-0.004983856,-0.004983856,0.4,SDR_873_resp_Plate2.csv
8/30/2022,D4,-0.007924568,-0.008047802,-0.008047802,0.4,SDR_873_resp_Plate2.csv
8/30/2022,D5,-0.017185694,-0.017185694,-0.017246155,0.4,SDR_873_resp_Plate2.csv
8/30/2022,D6,-0.014895286,-0.013647736,-0.013647736,0.4,SDR_873_resp_Plate2.csv
9/22/2022,A1,-0.024949531,-0.024118871,-0.024118871,0.4,SDR_799__resp_Plate1.csv
9/22/2022,A2,-0.015998889,-0.045003473,-0.045003473,0.4,SDR_799__resp_Plate1.csv
9/22/2022,A3,-0.088004781,-0.088004781,-0.084965824,0.4,SDR_799__resp_Plate1.csv
9/22/2022,A4,-0.004166893,-0.003143915,0.002645698,0.4,SDR_799__resp_Plate1.csv
9/22/2022,A5,-0.029309849,-0.030063386,-0.025758217,0.4,SDR_799__resp_Plate1.csv
9/22/2022,A6,-0.000628317,-0.000628317,0.000988276,0.4,SDR_799__resp_Plate1.csv
9/22/2022,B1,-0.072650633,-0.06646365,-0.06646365,0.4,SDR_799__resp_Plate1.csv
9/22/2022,B2,-0.055575306,-0.05336494,-0.05336494,0.4,SDR_799__resp_Plate1.csv
9/22/2022,B3,-0.054965258,-0.052029388,-0.052029388,0.4,SDR_799__resp_Plate1.csv
9/22/2022,B4,-0.065683137,-0.075548365,-0.075548365,0.4,SDR_799__resp_Plate1.csv
9/22/2022,B5,-0.010338911,-0.012176292,-0.012176292,0.4,SDR_799__resp_Plate1.csv
9/22/2022,B6,-0.005508921,-0.00508104,-0.00508104,0.4,SDR_799__resp_Plate1.csv
9/22/2022,C1,-0.01421091,-0.014137697,-0.014137697,0.4,SDR_799__resp_Plate1.csv
9/22/2022,C2,-0.017167601,-0.013079184,-0.013079184,0.4,SDR_799__resp_Plate1.csv
9/22/2022,C3,-0.011409105,-0.013686636,-0.013686636,0.4,SDR_799__resp_Plate1.csv
9/22/2022,C4,-0.01122334,-0.010306782,-0.012284354,0.4,SDR_799__resp_Plate1.csv
9/22/2022,C5,-0.024728262,-0.025395675,-0.025395675,0.4,SDR_799__resp_Plate1.csv
9/22/2022,C6,-0.059387216,-0.067821566,-0.067821566,0.4,SDR_799__resp_Plate1.csv
9/22/2022,D1,0.012506726,0.012976711,0.012976711,0.4,SDR_799__resp_Plate1.csv
9/22/2022,D2,-0.003828133,-0.004606439,-0.0050697,0.4,SDR_799__resp_Plate1.csv
9/22/2022,D3,-0.009024643,-0.009024643,-0.002588235,0.4,SDR_799__resp_Plate1.csv
9/22/2022,D4,-0.00139421,0.014241443,0.014241443,0.4,SDR_799__resp_Plate1.csv
9/22/2022,D5,-0.006973235,-0.009303486,-0.009303486,0.4,SDR_799__resp_Plate1.csv
9/22/2022,D6,-0.053558692,-0.0521679,-0.0521679,0.4,SDR_799__resp_Plate1.csv
9/22/2022,A1,-0.004844311,-0.002888897,-0.002888897,0.4,SDR_873__resp_Plate2.csv
9/22/2022,A2,-0.077288846,-0.080801364,-0.075791067,0.4,SDR_873__resp_Plate2.csv
9/22/2022,A3,-0.10064228,-0.089813462,-0.096930293,0.4,SDR_873__resp_Plate2.csv
9/22/2022,A4,-0.072856432,-0.072513265,-0.072513265,0.4,SDR_873__resp_Plate2.csv
9/22/2022,A5,-0.003524028,-0.002516388,-0.002707293,0.4,SDR_873__resp_Plate2.csv
9/22/2022,A6,-0.001983983,-0.001983983,-7.58E-05,0.4,SDR_873__resp_Plate2.csv
9/22/2022,B1,-0.051000701,-0.051802896,-0.051802896,0.4,SDR_873__resp_Plate2.csv
9/22/2022,B2,-0.025561729,-0.026123952,-0.026123952,0.4,SDR_873__resp_Plate2.csv
9/22/2022,B3,-0.004385576,-0.003426287,-0.005928548,0.4,SDR_873__resp_Plate2.csv
9/22/2022,B4,-0.062693895,-0.062381189,-0.062381189,0.4,SDR_873__resp_Plate2.csv
9/22/2022,B5,-0.005094547,-0.005094547,-0.011479602,0.4,SDR_873__resp_Plate2.csv
9/22/2022,B6,-0.054876212,-0.05104653,-0.05104653,0.4,SDR_873__resp_Plate2.csv
9/22/2022,C1,-0.004304029,-0.004304029,-0.003238691,0.4,SDR_873__resp_Plate2.csv
9/22/2022,C2,-0.00333765,-0.00350655,-0.004015628,0.4,SDR_873__resp_Plate2.csv
9/22/2022,C3,-0.215509089,-0.221722507,-0.348790385,0.4,SDR_873__resp_Plate2.csv
9/22/2022,C4,-0.006956044,-0.00596443,-0.005073829,0.4,SDR_873__resp_Plate2.csv
9/22/2022,C5,-0.046871544,-0.050083958,-0.050083958,0.4,SDR_873__resp_Plate2.csv
9/22/2022,C6,-0.021463238,-0.023843407,-0.023843407,0.4,SDR_873__resp_Plate2.csv
9/22/2022,D1,-0.001279338,-0.000218907,-0.000218907,0.4,SDR_873__resp_Plate2.csv
9/22/2022,D2,-0.07706407,-0.077359356,-0.077423985,0.4,SDR_873__resp_Plate2.csv
9/22/2022,D3,-0.003254208,-0.003333473,-0.003406069,0.4,SDR_873__resp_Plate2.csv
9/22/2022,D4,-0.03886644,-0.045077381,-0.045077381,0.4,SDR_873__resp_Plate2.csv
9/22/2022,D5,-0.057018584,-0.057318357,-0.057318357,0.4,SDR_873__resp_Plate2.csv
9/22/2022,D6,-0.063144812,-0.061874871,-0.061769133,0.4,SDR_873__resp_Plate2.csv
9/22/2022,A1,-0.009327966,-0.009406879,-0.009406879,0.4,SDR_979__resp_Plate3.csv
9/22/2022,A2,0.00331372,0.003539357,0.003539357,0.4,SDR_979__resp_Plate3.csv
9/22/2022,A3,-0.13432999,-0.099763365,-0.099763365,0.4,SDR_979__resp_Plate3.csv
9/22/2022,A4,-0.139768856,-0.140172894,-0.140172894,0.4,SDR_979__resp_Plate3.csv
9/22/2022,A5,-0.034548538,-0.034701185,-0.034701185,0.4,SDR_979__resp_Plate3.csv
9/22/2022,A6,0.000527839,-0.026680678,-0.026680678,0.4,SDR_979__resp_Plate3.csv
9/22/2022,B1,0.004363871,0.004237447,0.004237447,0.4,SDR_979__resp_Plate3.csv
9/22/2022,B2,-0.022595716,-0.021587976,-0.021587976,0.4,SDR_979__resp_Plate3.csv
9/22/2022,B3,-0.073663522,-0.086864873,-0.087748901,0.4,SDR_979__resp_Plate3.csv
9/22/2022,B4,-0.120025397,-0.118936117,-0.118936117,0.4,SDR_979__resp_Plate3.csv
9/22/2022,B5,-0.108216941,-0.108286449,-0.108286449,0.4,SDR_979__resp_Plate3.csv
9/22/2022,B6,-0.040654653,-0.039571873,-0.039571873,0.4,SDR_979__resp_Plate3.csv
9/22/2022,C1,-0.000231447,0.000140018,0.000140018,0.4,SDR_979__resp_Plate3.csv
9/22/2022,C2,-0.043309182,-0.036259091,-0.036259091,0.4,SDR_979__resp_Plate3.csv
9/22/2022,C3,0.004711231,0.004182699,0.005474519,0.4,SDR_979__resp_Plate3.csv
9/22/2022,C4,0.002773723,0.003515939,0.0035005,0.4,SDR_979__resp_Plate3.csv
9/22/2022,C5,0.005308487,0.005618118,0.005618118,0.4,SDR_979__resp_Plate3.csv
9/22/2022,C6,-0.021636334,-0.022411538,-0.022411538,0.4,SDR_979__resp_Plate3.csv
9/22/2022,D1,-0.074974899,-0.075550235,-0.075550235,0.4,SDR_979__resp_Plate3.csv
9/22/2022,D2,0.004833072,0.004873715,0.004908143,0.4,SDR_979__resp_Plate3.csv
9/22/2022,D3,-0.068130574,-0.093538044,-0.08782123,0.4,SDR_979__resp_Plate3.csv
9/22/2022,D4,0.003600278,0.003852865,0.003834792,0.4,SDR_979__resp_Plate3.csv
9/22/2022,D5,0.000539598,0.000600542,0.000600542,0.4,SDR_979__resp_Plate3.csv
9/22/2022,D6,-0.0805486,-0.083446429,-0.083446429,0.4,SDR_979__resp_Plate3.csv
3/16/2023,A1,-0.004206925,-0.004867653,-0.004867653,0.4,SDR_799_resp_Plate1.csv
3/16/2023,A2,-0.00065597,0.000894251,0.000894251,0.4,SDR_799_resp_Plate1.csv
3/16/2023,A3,-1.66E-05,9.77E-05,0.000237288,0.4,SDR_799_resp_Plate1.csv
3/16/2023,A4,-0.001630291,-0.001851128,-0.002769767,0.4,SDR_799_resp_Plate1.csv
3/16/2023,A5,-6.66E-05,-0.000319164,-0.000319164,0.4,SDR_799_resp_Plate1.csv
3/16/2023,A6,-0.000203126,-0.000203126,-0.000316056,0.4,SDR_799_resp_Plate1.csv
3/16/2023,B1,-0.00106502,-0.000968221,-0.000968221,0.4,SDR_799_resp_Plate1.csv
3/16/2023,B2,4.61E-05,4.61E-05,0.000621181,0.4,SDR_799_resp_Plate1.csv
3/16/2023,B3,-0.004304125,-0.002382979,-0.002333756,0.4,SDR_799_resp_Plate1.csv
3/16/2023,B4,-0.002700023,-0.002700023,-0.000945537,0.4,SDR_799_resp_Plate1.csv
3/16/2023,B5,0.000437951,0.000437951,0.000911407,0.4,SDR_799_resp_Plate1.csv
3/16/2023,B6,-0.002402508,-0.002557967,-0.002249946,0.4,SDR_799_resp_Plate1.csv
3/16/2023,C1,-0.00148428,-0.001574693,-0.001574693,0.4,SDR_799_resp_Plate1.csv
3/16/2023,C2,0.001322651,0.000980245,0.001183663,0.4,SDR_799_resp_Plate1.csv
3/16/2023,C3,-0.003763822,-0.004146255,-0.004146255,0.4,SDR_799_resp_Plate1.csv
3/16/2023,C4,-0.000435613,-0.000435613,-0.000859389,0.4,SDR_799_resp_Plate1.csv
3/16/2023,C5,0.000737089,0.000737089,0.00105112,0.4,SDR_799_resp_Plate1.csv
3/16/2023,C6,-0.001083221,-0.001083221,-0.002499077,0.4,SDR_799_resp_Plate1.csv
3/16/2023,D1,0.001140314,0.001141818,0.001057666,0.4,SDR_799_resp_Plate1.csv
3/16/2023,D2,-0.007574021,-0.007774221,-0.006134669,0.4,SDR_799_resp_Plate1.csv
3/16/2023,D3,-0.003919416,-0.002705828,-0.002569338,0.4,SDR_799_resp_Plate1.csv
3/16/2023,D4,-0.00953377,-0.009535488,-0.009535488,0.4,SDR_799_resp_Plate1.csv
3/16/2023,D5,-0.004055224,-0.003146341,-0.003146341,0.4,SDR_799_resp_Plate1.csv
3/16/2023,D6,-0.006114408,-0.007285389,-0.005683402,0.4,SDR_799_resp_Plate1.csv
3/16/2023,A1,-0.000974896,-0.000966465,-0.001301313,0.4,SDR_873_resp_Plate2.csv
3/16/2023,A2,-0.003864049,-0.005297545,-0.006380761,0.4,SDR_873_resp_Plate2.csv
3/16/2023,A3,-0.006756217,-0.003794172,-0.003794172,0.4,SDR_873_resp_Plate2.csv
3/16/2023,A4,-0.00847561,-0.009853254,-0.009853254,0.4,SDR_873_resp_Plate2.csv
3/16/2023,A5,-0.005223467,-0.006070585,-0.006020906,0.4,SDR_873_resp_Plate2.csv
3/16/2023,A6,-0.004564539,-0.005468038,-0.005468038,0.4,SDR_873_resp_Plate2.csv
3/16/2023,B1,-0.00448909,-0.007177757,-0.007177757,0.4,SDR_873_resp_Plate2.csv
3/16/2023,B2,-0.00927142,-0.00927142,-0.011713834,0.4,SDR_873_resp_Plate2.csv
3/16/2023,B3,-0.001498019,-0.002442283,-0.001075898,0.4,SDR_873_resp_Plate2.csv
3/16/2023,B4,-0.008607665,-0.009545173,-0.009844444,0.4,SDR_873_resp_Plate2.csv
3/16/2023,B5,-0.006114831,-0.006114831,-0.005725306,0.4,SDR_873_resp_Plate2.csv
3/16/2023,B6,-0.00568202,-0.005287288,-0.004750871,0.4,SDR_873_resp_Plate2.csv
3/16/2023,C1,-0.008011627,-0.00843985,-0.00843985,0.4,SDR_873_resp_Plate2.csv
3/16/2023,C2,-0.007717002,-0.009178107,-0.009178107,0.4,SDR_873_resp_Plate2.csv
3/16/2023,C3,-0.001092579,-0.000518181,-0.000518181,0.4,SDR_873_resp_Plate2.csv
3/16/2023,C4,-0.005198347,-0.005198347,-0.004050035,0.4,SDR_873_resp_Plate2.csv
3/16/2023,C5,-0.012188636,-0.012188636,-0.005876671,0.4,SDR_873_resp_Plate2.csv
3/16/2023,C6,-0.00704647,-0.006655383,-0.008913168,0.4,SDR_873_resp_Plate2.csv
3/16/2023,D1,-0.005902245,-0.005063367,-0.004856272,0.4,SDR_873_resp_Plate2.csv
3/16/2023,D2,-0.00580168,-0.00580168,-0.007437934,0.4,SDR_873_resp_Plate2.csv
3/16/2023,D3,-0.004417647,-0.007133465,-0.007133465,0.4,SDR_873_resp_Plate2.csv
3/16/2023,D4,-0.007528071,-0.008680846,-0.008234474,0.4,SDR_873_resp_Plate2.csv
3/16/2023,D5,-0.010918779,-0.010918779,-0.01198227,0.4,SDR_873_resp_Plate2.csv
3/16/2023,D6,-0.018847242,-0.017256676,-0.021561939,0.4,SDR_873_resp_Plate2.csv
3/16/2023,A1,-0.003340761,-0.003264591,-0.003264591,0.4,SDR_979_resp_Plate3.csv
3/16/2023,A2,-0.000518386,-0.000349525,-0.000349525,0.4,SDR_979_resp_Plate3.csv
3/16/2023,A3,-0.006263313,-0.007003145,-0.004336605,0.4,SDR_979_resp_Plate3.csv
3/16/2023,A4,-0.003794691,-0.003149671,-0.003149671,0.4,SDR_979_resp_Plate3.csv
3/16/2023,A5,-0.001150786,-0.000309272,-0.000309272,0.4,SDR_979_resp_Plate3.csv
3/16/2023,A6,-0.007931794,-0.007432833,-0.007432833,0.4,SDR_979_resp_Plate3.csv
3/16/2023,B1,-0.004122166,-0.003546697,-0.003546697,0.4,SDR_979_resp_Plate3.csv
3/16/2023,B2,-0.006299771,-0.006334013,-0.00474,0.4,SDR_979_resp_Plate3.csv
3/16/2023,B3,-0.014469907,-0.0086197,-0.014976533,0.4,SDR_979_resp_Plate3.csv
3/16/2023,B4,-0.005257401,-0.005765385,-0.005972495,0.4,SDR_979_resp_Plate3.csv
3/16/2023,B5,-0.001718962,-0.001718962,-0.002682176,0.4,SDR_979_resp_Plate3.csv
3/16/2023,B6,-0.007821809,-0.00906116,-0.00906116,0.4,SDR_979_resp_Plate3.csv
3/16/2023,C1,-0.006996784,-0.008131837,-0.006985893,0.4,SDR_979_resp_Plate3.csv
3/16/2023,C2,-0.005043017,-0.002942951,-0.002942951,0.4,SDR_979_resp_Plate3.csv
3/16/2023,C3,-0.006906502,-0.007455955,-0.007455955,0.4,SDR_979_resp_Plate3.csv
3/16/2023,C4,-0.004242136,-0.00414112,-0.00414112,0.4,SDR_979_resp_Plate3.csv
3/16/2023,C5,0.000363354,0.000326781,-0.000669512,0.4,SDR_979_resp_Plate3.csv
3/16/2023,C6,0.001096687,0.001096687,0.00115611,0.4,SDR_979_resp_Plate3.csv
3/16/2023,D1,-0.00265301,-0.00265301,-0.003091543,0.4,SDR_979_resp_Plate3.csv
3/16/2023,D2,-0.005942817,-0.006831741,-0.007024953,0.4,SDR_979_resp_Plate3.csv
3/16/2023,D3,0.000282227,0.000282227,0.000565587,0.4,SDR_979_resp_Plate3.csv
3/16/2023,D4,-0.004845212,-0.004845212,-0.007279842,0.4,SDR_979_resp_Plate3.csv
3/16/2023,D5,-0.008376815,-0.005527347,-0.005527347,0.4,SDR_979_resp_Plate3.csv
3/16/2023,D6,-0.007826281,-0.006868775,-0.006868775,0.4,SDR_979_resp_Plate3.csv
4/12/2023,A1,-0.014401324,-0.014385651,-0.013812276,0.4,SDR_799_resp_Plate1.csv
4/12/2023,A2,-0.016384177,-0.016735612,-0.016561083,0.4,SDR_799_resp_Plate1.csv
4/12/2023,A3,-0.022332461,-0.022298206,-0.022030853,0.4,SDR_799_resp_Plate1.csv
4/12/2023,A4,-0.024775044,-0.024995696,-0.024866955,0.4,SDR_799_resp_Plate1.csv
4/12/2023,A5,-0.021703545,-0.022395731,-0.022395731,0.4,SDR_799_resp_Plate1.csv
4/12/2023,A6,-0.010145968,-0.010062766,-0.010125027,0.4,SDR_799_resp_Plate1.csv
4/12/2023,B1,-0.020139395,-0.020139395,-0.019676351,0.4,SDR_799_resp_Plate1.csv
4/12/2023,B2,-0.00928755,-0.008847989,-0.008396941,0.4,SDR_799_resp_Plate1.csv
4/12/2023,B3,-0.013581034,-0.013643928,-0.013643928,0.4,SDR_799_resp_Plate1.csv
4/12/2023,B4,-0.005591218,-0.00560011,-0.006032648,0.4,SDR_799_resp_Plate1.csv
4/12/2023,B5,-0.010746237,-0.009669752,-0.009669752,0.4,SDR_799_resp_Plate1.csv
4/12/2023,B6,-0.021914207,-0.021835412,-0.021710387,0.4,SDR_799_resp_Plate1.csv
4/12/2023,C1,-0.011166195,-0.011166547,-0.011325234,0.4,SDR_799_resp_Plate1.csv
4/12/2023,C2,-0.015292339,-0.015292339,-0.015017037,0.4,SDR_799_resp_Plate1.csv
4/12/2023,C3,-0.020179778,-0.019979002,-0.019596858,0.4,SDR_799_resp_Plate1.csv
4/12/2023,C4,-0.016908998,-0.016931365,-0.016931365,0.4,SDR_799_resp_Plate1.csv
4/12/2023,C5,-0.016856382,-0.016856382,-0.01750377,0.4,SDR_799_resp_Plate1.csv
4/12/2023,C6,-0.019226238,-0.019226238,-0.019226238,0.4,SDR_799_resp_Plate1.csv
4/12/2023,D1,-0.021334402,-0.021341641,-0.020837271,0.4,SDR_799_resp_Plate1.csv
4/12/2023,D2,-0.008590036,-0.008434582,-0.008660581,0.4,SDR_799_resp_Plate1.csv
4/12/2023,D3,-0.008831966,-0.008831966,-0.00879605,0.4,SDR_799_resp_Plate1.csv
4/12/2023,D4,-0.010655061,-0.010655061,-0.009913779,0.4,SDR_799_resp_Plate1.csv
4/12/2023,D5,-0.013870766,-0.013870766,-0.013974437,0.4,SDR_799_resp_Plate1.csv
4/12/2023,D6,-0.018466071,-0.018466071,-0.019012453,0.4,SDR_799_resp_Plate1.csv
4/12/2023,A1,-0.019283551,-0.020002744,-0.020002744,0.4,SDR_873_resp_Plate2.csv
4/12/2023,A2,-0.018736415,-0.018457484,-0.018347399,0.4,SDR_873_resp_Plate2.csv
4/12/2023,A3,-0.020120132,-0.020146883,-0.020146883,0.4,SDR_873_resp_Plate2.csv
4/12/2023,A4,-0.022823583,-0.02358098,-0.02358098,0.4,SDR_873_resp_Plate2.csv
4/12/2023,A5,-0.016908871,-0.017481605,-0.017481605,0.4,SDR_873_resp_Plate2.csv
4/12/2023,A6,-0.019376683,-0.018879888,-0.018879888,0.4,SDR_873_resp_Plate2.csv
4/12/2023,B1,-0.020866576,-0.020866576,-0.020866576,0.4,SDR_873_resp_Plate2.csv
4/12/2023,B2,-0.009836685,-0.010913163,-0.010913163,0.4,SDR_873_resp_Plate2.csv
4/12/2023,B3,-0.02321376,-0.02321376,-0.022104615,0.4,SDR_873_resp_Plate2.csv
4/12/2023,B4,-0.02284222,-0.023115737,-0.023115737,0.4,SDR_873_resp_Plate2.csv
4/12/2023,B5,-0.020977742,-0.020408182,-0.020408182,0.4,SDR_873_resp_Plate2.csv
4/12/2023,B6,-0.015929059,-0.015934003,-0.015934003,0.4,SDR_873_resp_Plate2.csv
4/12/2023,C1,-0.018571525,-0.018571525,-0.018213887,0.4,SDR_873_resp_Plate2.csv
4/12/2023,C2,-0.019258606,-0.018839437,-0.018814032,0.4,SDR_873_resp_Plate2.csv
4/12/2023,C3,-0.013731651,-0.01324531,-0.01324531,0.4,SDR_873_resp_Plate2.csv
4/12/2023,C4,-0.020819952,-0.020426347,-0.02071819,0.4,SDR_873_resp_Plate2.csv
4/12/2023,C5,-0.018082083,-0.017235475,-0.017235475,0.4,SDR_873_resp_Plate2.csv
4/12/2023,C6,-0.039808436,-0.039808436,-0.03627631,0.4,SDR_873_resp_Plate2.csv
4/12/2023,D1,-0.012254361,-0.012289141,-0.011860926,0.4,SDR_873_resp_Plate2.csv
4/12/2023,D2,-0.018826887,-0.018826887,-0.018729977,0.4,SDR_873_resp_Plate2.csv
4/12/2023,D3,-0.020005933,-0.02002872,-0.020447755,0.4,SDR_873_resp_Plate2.csv
4/12/2023,D4,-0.006906691,-0.007098455,-0.006847321,0.4,SDR_873_resp_Plate2.csv
4/12/2023,D5,-0.021024673,-0.020797813,-0.020797813,0.4,SDR_873_resp_Plate2.csv
4/12/2023,D6,-0.007117329,-0.007080755,-0.007080755,0.4,SDR_873_resp_Plate2.csv
4/12/2023,A1,-0.013155256,-0.013144323,-0.013144323,0.4,SDR_979_resp_Plate3.csv
4/12/2023,A2,-0.01445337,-0.01458532,-0.015320367,0.4,SDR_979_resp_Plate3.csv
4/12/2023,A3,-0.014820351,-0.01478994,-0.01478994,0.4,SDR_979_resp_Plate3.csv
4/12/2023,A4,-0.013909127,-0.014188058,-0.013885609,0.4,SDR_979_resp_Plate3.csv
4/12/2023,A5,-0.014690315,-0.014412798,-0.014412798,0.4,SDR_979_resp_Plate3.csv
4/12/2023,A6,-0.015625027,-0.015625027,-0.015877758,0.4,SDR_979_resp_Plate3.csv
4/12/2023,B1,-0.015203886,-0.015395839,-0.015395839,0.4,SDR_979_resp_Plate3.csv
4/12/2023,B2,-0.01455417,-0.01451746,-0.014857143,0.4,SDR_979_resp_Plate3.csv
4/12/2023,B3,-0.01694707,-0.01694707,-0.01694707,0.4,SDR_979_resp_Plate3.csv
4/12/2023,B4,-0.01381978,-0.014681097,-0.014681097,0.4,SDR_979_resp_Plate3.csv
4/12/2023,B5,-0.008566676,-0.008504281,-0.009461905,0.4,SDR_979_resp_Plate3.csv
4/12/2023,B6,-0.007215004,-0.007195714,-0.007171245,0.4,SDR_979_resp_Plate3.csv
4/12/2023,C1,-0.008296056,-0.008296056,-0.008535378,0.4,SDR_979_resp_Plate3.csv
4/12/2023,C2,-0.013786945,-0.014659459,-0.014659459,0.4,SDR_979_resp_Plate3.csv
4/12/2023,C3,-0.016899682,-0.016899682,-0.017459184,0.4,SDR_979_resp_Plate3.csv
4/12/2023,C4,-0.013057591,-0.013236312,-0.013327561,0.4,SDR_979_resp_Plate3.csv
4/12/2023,C5,-0.008998846,-0.008998846,-0.007403163,0.4,SDR_979_resp_Plate3.csv
4/12/2023,C6,-0.010705594,-0.009834191,-0.009834191,0.4,SDR_979_resp_Plate3.csv
4/12/2023,D1,-0.015372445,-0.015361798,-0.015361798,0.4,SDR_979_resp_Plate3.csv
4/12/2023,D2,-0.006558652,-0.006580799,-0.006610332,0.4,SDR_979_resp_Plate3.csv
4/12/2023,D3,-0.005989703,-0.006080691,-0.006538441,0.4,SDR_979_resp_Plate3.csv
4/12/2023,D4,-0.006325414,-0.006325414,-0.00634594,0.4,SDR_979_resp_Plate3.csv
4/12/2023,D5,-0.013151435,-0.013200074,-0.013200074,0.4,SDR_979_resp_Plate3.csv
4/12/2023,D6,-0.00417189,-0.004263881,-0.004541067,0.4,SDR_979_resp_Plate3.csv
4/21/2023,A1,-0.000560277,-0.000621506,-0.000345318,0.4,SDR_799_resp_Plate1.csv
4/21/2023,A2,-0.001240042,-0.001395932,-0.001395932,0.4,SDR_799_resp_Plate1.csv
4/21/2023,A3,-0.001554295,-0.001536834,-0.001472762,0.4,SDR_799_resp_Plate1.csv
4/21/2023,A4,4.84E-05,0.000659878,-0.000113288,0.4,SDR_799_resp_Plate1.csv
4/21/2023,A5,-0.001250494,-0.001250494,-0.001383209,0.4,SDR_799_resp_Plate1.csv
4/21/2023,A6,-0.000866984,-0.000866984,-0.000923191,0.4,SDR_799_resp_Plate1.csv
4/21/2023,B1,-0.001672901,-0.001610742,-0.001610742,0.4,SDR_799_resp_Plate1.csv
4/21/2023,B2,-0.001419432,-0.000670584,-0.000670584,0.4,SDR_799_resp_Plate1.csv
4/21/2023,B3,-0.000829901,-0.000177489,-0.000177489,0.4,SDR_799_resp_Plate1.csv
4/21/2023,B4,-0.000256475,-0.000285349,-0.000285349,0.4,SDR_799_resp_Plate1.csv
4/21/2023,B5,-0.001043191,-0.001043191,-0.001032929,0.4,SDR_799_resp_Plate1.csv
4/21/2023,B6,-0.000446558,-0.000446558,-0.000692994,0.4,SDR_799_resp_Plate1.csv
4/21/2023,C1,-0.000319219,-0.000319219,-0.000319219,0.4,SDR_799_resp_Plate1.csv
4/21/2023,C2,-0.003772638,-0.003749817,-0.003837327,0.4,SDR_799_resp_Plate1.csv
4/21/2023,C3,0.000124639,0.000207181,-0.000198189,0.4,SDR_799_resp_Plate1.csv
4/21/2023,C4,-0.001390916,-0.00119355,-0.001135801,0.4,SDR_799_resp_Plate1.csv
4/21/2023,C5,-0.000215647,-8.29E-05,0.000207814,0.4,SDR_799_resp_Plate1.csv
4/21/2023,C6,0.000109234,-1.21E-06,-1.21E-06,0.4,SDR_799_resp_Plate1.csv
4/21/2023,D1,-0.000990014,-0.000846707,-0.000501772,0.4,SDR_799_resp_Plate1.csv
4/21/2023,D2,-0.003163662,-0.003336456,-0.003238722,0.4,SDR_799_resp_Plate1.csv
4/21/2023,D3,-0.00081796,-0.000737037,-0.000737037,0.4,SDR_799_resp_Plate1.csv
4/21/2023,D4,-8.04E-05,-0.000610842,-0.000610842,0.4,SDR_799_resp_Plate1.csv
4/21/2023,D5,-0.000332395,-0.000153242,-0.000153242,0.4,SDR_799_resp_Plate1.csv
4/21/2023,D6,-0.000334836,-0.000173803,0.000262207,0.4,SDR_799_resp_Plate1.csv
4/21/2023,A1,-0.002328,-0.001460797,-0.001460797,0.4,SDR_873_resp_Plate2.csv
4/21/2023,A2,-0.002056767,-0.002007562,-0.002007562,0.4,SDR_873_resp_Plate2.csv
4/21/2023,A3,-0.002280897,-0.00219647,-0.0022232,0.4,SDR_873_resp_Plate2.csv
4/21/2023,A4,-0.001624398,-0.001624398,-0.001461509,0.4,SDR_873_resp_Plate2.csv
4/21/2023,A5,-0.00321975,-0.002978907,-0.002978907,0.4,SDR_873_resp_Plate2.csv
4/21/2023,A6,-0.003356681,-0.003561627,-0.003044423,0.4,SDR_873_resp_Plate2.csv
4/21/2023,B1,-0.002307797,-0.002307797,-0.003307612,0.4,SDR_873_resp_Plate2.csv
4/21/2023,B2,-0.002309598,-0.002164005,-0.002164005,0.4,SDR_873_resp_Plate2.csv
4/21/2023,B3,-0.002802453,-0.002802329,-0.002309229,0.4,SDR_873_resp_Plate2.csv
4/21/2023,B4,-0.003833468,-0.003731594,-0.003594374,0.4,SDR_873_resp_Plate2.csv
4/21/2023,B5,-0.00306519,-0.00278812,-0.00278812,0.4,SDR_873_resp_Plate2.csv
4/21/2023,B6,-0.004356521,-0.006867384,-0.006867384,0.4,SDR_873_resp_Plate2.csv
4/21/2023,C1,-0.003479118,-0.003479118,-0.003856854,0.4,SDR_873_resp_Plate2.csv
4/21/2023,C2,-0.003263674,-0.003263674,-0.002785455,0.4,SDR_873_resp_Plate2.csv
4/21/2023,C3,-0.000450448,0.000185506,0.000185506,0.4,SDR_873_resp_Plate2.csv
4/21/2023,C4,-0.00289292,-0.003099573,-0.003099573,0.4,SDR_873_resp_Plate2.csv
4/21/2023,C5,-0.002671347,-0.002931785,-0.002931785,0.4,SDR_873_resp_Plate2.csv
4/21/2023,C6,-0.003752469,-0.003752469,-0.005529753,0.4,SDR_873_resp_Plate2.csv
4/21/2023,D1,-0.002200528,-0.002237706,-0.002111585,0.4,SDR_873_resp_Plate2.csv
4/21/2023,D2,-6.61E-05,-9.96E-05,-9.96E-05,0.4,SDR_873_resp_Plate2.csv
4/21/2023,D3,-0.000310157,-0.000219711,-0.000115494,0.4,SDR_873_resp_Plate2.csv
4/21/2023,D4,-0.002714951,-0.002549134,-0.002327994,0.4,SDR_873_resp_Plate2.csv
4/21/2023,D5,-0.00304254,-0.003016825,-0.003525869,0.4,SDR_873_resp_Plate2.csv
4/21/2023,D6,-0.000508845,-0.000515516,-0.000515516,0.4,SDR_873_resp_Plate2.csv
4/21/2023,A1,-0.006458509,-0.006445748,-0.006445748,0.4,SDR_979_resp_Plate3.csv
4/21/2023,A2,-0.004809184,-0.004717699,-0.004394805,0.4,SDR_979_resp_Plate3.csv
4/21/2023,A3,-0.005273394,-0.005273394,-0.004969565,0.4,SDR_979_resp_Plate3.csv
4/21/2023,A4,-0.003795432,-0.003795432,-0.004157143,0.4,SDR_979_resp_Plate3.csv
4/21/2023,A5,-0.00541805,-0.005433771,-0.005433771,0.4,SDR_979_resp_Plate3.csv
4/21/2023,A6,-0.002485617,-0.002351648,-0.002351648,0.4,SDR_979_resp_Plate3.csv
4/21/2023,B1,-0.000787299,-0.000700556,-0.000700556,0.4,SDR_979_resp_Plate3.csv
4/21/2023,B2,-0.006593469,-0.006593469,-0.006593469,0.4,SDR_979_resp_Plate3.csv
4/21/2023,B3,-0.009473868,-0.009359136,-0.010285573,0.4,SDR_979_resp_Plate3.csv
4/21/2023,B4,-0.003109971,-0.002816829,-0.002912433,0.4,SDR_979_resp_Plate3.csv
4/21/2023,B5,-0.005033205,-0.004305692,-0.004305692,0.4,SDR_979_resp_Plate3.csv
4/21/2023,B6,-0.004679563,-0.004712613,-0.004712613,0.4,SDR_979_resp_Plate3.csv
4/21/2023,C1,-0.000580942,-0.003971203,-0.003971203,0.4,SDR_979_resp_Plate3.csv
4/21/2023,C2,-0.005406272,-0.004818681,-0.004818681,0.4,SDR_979_resp_Plate3.csv
4/21/2023,C3,-0.004259498,-0.004261369,-0.004088205,0.4,SDR_979_resp_Plate3.csv
4/21/2023,C4,-0.004800432,-0.00394906,-0.00394906,0.4,SDR_979_resp_Plate3.csv
4/21/2023,C5,-0.004101871,-0.004910712,-0.004910712,0.4,SDR_979_resp_Plate3.csv
4/21/2023,C6,-0.001850267,-0.001488462,-0.001488462,0.4,SDR_979_resp_Plate3.csv
4/21/2023,D1,-0.002676558,-0.002676558,-0.001786561,0.4,SDR_979_resp_Plate3.csv
4/21/2023,D2,-0.003138337,-0.003180392,-0.003053323,0.4,SDR_979_resp_Plate3.csv
4/21/2023,D3,-0.003486579,-0.003383624,-0.003853846,0.4,SDR_979_resp_Plate3.csv
4/21/2023,D4,-0.001513445,-0.005637973,-0.005637973,0.4,SDR_979_resp_Plate3.csv
4/21/2023,D5,-0.004470013,-0.004662757,-0.004662757,0.4,SDR_979_resp_Plate3.csv
4/21/2023,D6,-0.001021229,0.000648462,0.000648462,0.4,SDR_979_resp_Plate3.csv
5/18/2023,A1,0.002886466,0.002848352,0.002848352,0.4,SDR_799_resp_Plate1.csv
5/18/2023,A2,0.004132353,0.003175758,0.003175758,0.4,SDR_799_resp_Plate1.csv
5/18/2023,A3,-0.003578261,8.00E-04,8.00E-04,0.4,SDR_799_resp_Plate1.csv
5/18/2023,A4,-0.00393007,-0.01585,-0.019951515,0.4,SDR_799_resp_Plate1.csv
5/18/2023,A5,0.00323956,0.002353571,0.00185049,0.4,SDR_799_resp_Plate1.csv
5/18/2023,A6,0.004080495,0.004608392,0.004608392,0.4,SDR_799_resp_Plate1.csv
5/18/2023,B1,0.004142157,0.003496503,0.003496503,0.4,SDR_799_resp_Plate1.csv
5/18/2023,B2,-0.005886505,-0.004252747,-0.004252747,0.4,SDR_799_resp_Plate1.csv
5/18/2023,B3,0.002143357,0.002009091,0.002009091,0.4,SDR_799_resp_Plate1.csv
5/18/2023,B4,0.004599587,0.004151515,0.004729412,0.4,SDR_799_resp_Plate1.csv
5/18/2023,B5,-0.008005495,-0.006632867,-0.006632867,0.4,SDR_799_resp_Plate1.csv
5/18/2023,B6,-0.011735294,-0.011735294,-0.011735294,0.4,SDR_799_resp_Plate1.csv
5/18/2023,C1,-0.027842424,-0.021487745,-0.021487745,0.4,SDR_799_resp_Plate1.csv
5/18/2023,C2,0.003705195,0.003705195,0.004472727,0.4,SDR_799_resp_Plate1.csv
5/18/2023,C3,0.003683824,0.004702797,0.004702797,0.4,SDR_799_resp_Plate1.csv
5/18/2023,C4,-0.009153846,-0.009153846,-0.009153846,0.4,SDR_799_resp_Plate1.csv
5/18/2023,C5,0.004970588,0.005236364,0.005236364,0.4,SDR_799_resp_Plate1.csv
5/18/2023,C6,-0.010083916,-0.010083916,-0.010083916,0.4,SDR_799_resp_Plate1.csv
5/18/2023,D1,-0.016527273,-0.016418182,-0.016418182,0.4,SDR_799_resp_Plate1.csv
5/18/2023,D2,-0.003455639,-0.006409314,-0.006409314,0.4,SDR_799_resp_Plate1.csv
5/18/2023,D3,0.000205882,0.000205882,0.000377622,0.4,SDR_799_resp_Plate1.csv
5/18/2023,D4,-0.011591331,-0.012527473,-0.012527473,0.4,SDR_799_resp_Plate1.csv
5/18/2023,D5,-0.037935714,-0.03898022,-0.019272727,0.4,SDR_799_resp_Plate1.csv
5/18/2023,D6,0.002875325,0.002472727,0.002472727,0.4,SDR_799_resp_Plate1.csv
5/18/2023,A1,-0.014565934,-0.014762238,-0.014762238,0.4,SDR_799_resp_Plate3.csv
5/18/2023,A2,0.000407143,0.000407143,-0.000145055,0.4,SDR_799_resp_Plate3.csv
5/18/2023,A3,-0.005111688,-0.007648352,-0.007345455,0.4,SDR_799_resp_Plate3.csv
5/18/2023,A4,0.003594406,0.003763636,0.001818182,0.4,SDR_799_resp_Plate3.csv
5/18/2023,A5,-0.045939286,-0.045939286,-0.045939286,0.4,SDR_799_resp_Plate3.csv
5/18/2023,A6,-0.016142857,-0.016381818,-0.016381818,0.4,SDR_799_resp_Plate3.csv
5/18/2023,B1,-0.014348872,-0.014216403,-0.014411765,0.4,SDR_799_resp_Plate3.csv
5/18/2023,B2,-0.006182143,-0.001230769,-0.001230769,0.4,SDR_799_resp_Plate3.csv
5/18/2023,B3,0.003254545,-0.001781818,-0.001781818,0.4,SDR_799_resp_Plate3.csv
5/18/2023,B4,-0.001912088,-0.001912088,-0.001912088,0.4,SDR_799_resp_Plate3.csv
5/18/2023,B5,0.001363636,0.005606061,0.005606061,0.4,SDR_799_resp_Plate3.csv
5/18/2023,B6,5.74E-05,-0.000335664,-0.000335664,0.4,SDR_799_resp_Plate3.csv
5/18/2023,C1,-0.000762338,-0.000789474,-0.000789474,0.4,SDR_799_resp_Plate3.csv
5/18/2023,C2,-0.026030769,-0.021758741,-0.021758741,0.4,SDR_799_resp_Plate3.csv
5/18/2023,C3,-0.008242647,-0.012672727,-0.012672727,0.4,SDR_799_resp_Plate3.csv
5/18/2023,C4,-0.000791209,8.39E-05,8.39E-05,0.4,SDR_799_resp_Plate3.csv
5/18/2023,C5,-0.006409565,-0.004727273,-0.004727273,0.4,SDR_799_resp_Plate3.csv
5/18/2023,C6,-0.000359133,-0.000359133,-0.000359133,0.4,SDR_799_resp_Plate3.csv
5/18/2023,D1,0.003137662,0.003961538,0.003961538,0.4,SDR_799_resp_Plate3.csv
5/18/2023,D2,-0.031156044,-0.031156044,-0.031156044,0.4,SDR_799_resp_Plate3.csv
5/18/2023,D3,-0.095016883,-0.095016883,-0.094309091,0.4,SDR_799_resp_Plate3.csv
5/18/2023,D4,-0.011176471,-0.010888235,-0.010888235,0.4,SDR_799_resp_Plate3.csv
5/18/2023,D5,1.98E-05,-0.00032967,-0.00032967,0.4,SDR_799_resp_Plate3.csv
5/18/2023,D6,0.000575,0.000307692,0.000307692,0.4,SDR_799_resp_Plate3.csv
5/18/2023,A1,-0.028409091,-0.028409091,-0.028409091,0.4,SDR_873_resp_Plate2.csv
5/18/2023,A2,-1.07E-05,-1.07E-05,-1.07E-05,0.4,SDR_873_resp_Plate2.csv
5/18/2023,A3,0.001004128,0.001004128,-0.00690303,0.4,SDR_873_resp_Plate2.csv
5/18/2023,A4,0.003164835,0.003709091,0.003024242,0.4,SDR_873_resp_Plate2.csv
5/18/2023,A5,-0.036854545,-0.039663158,-0.049757576,0.4,SDR_873_resp_Plate2.csv
5/18/2023,A6,-0.010074026,-0.010074026,-0.010074026,0.4,SDR_873_resp_Plate2.csv
5/18/2023,B1,-0.002485965,-0.00370303,-0.00370303,0.4,SDR_873_resp_Plate2.csv
5/18/2023,B2,-0.028190288,-0.027598901,-0.027598901,0.4,SDR_873_resp_Plate2.csv
5/18/2023,B3,-0.002061538,-0.002061538,-0.002061538,0.4,SDR_873_resp_Plate2.csv
5/18/2023,B4,-0.047895105,-0.047895105,-0.047895105,0.4,SDR_873_resp_Plate2.csv
5/18/2023,B5,-0.00120098,-0.002178571,-0.002178571,0.4,SDR_873_resp_Plate2.csv
5/18/2023,B6,0.001687307,-0.002,-0.002,0.4,SDR_873_resp_Plate2.csv
5/18/2023,C1,-0.004502541,-0.004531868,-0.004531868,0.4,SDR_873_resp_Plate2.csv
5/18/2023,C2,0.005753846,0.005190909,0.005190909,0.4,SDR_873_resp_Plate2.csv
5/18/2023,C3,-0.023627273,-0.023627273,-0.010854545,0.4,SDR_873_resp_Plate2.csv
5/18/2023,C4,0.001784314,0.00175,0.00175,0.4,SDR_873_resp_Plate2.csv
5/18/2023,C5,-0.021353147,-0.010536364,-0.009630303,0.4,SDR_873_resp_Plate2.csv
5/18/2023,C6,-0.000924812,-0.000924812,-0.000924812,0.4,SDR_873_resp_Plate2.csv
5/18/2023,D1,0.005659443,0.005569231,0.005569231,0.4,SDR_873_resp_Plate2.csv
5/18/2023,D2,-0.015587413,-0.015587413,-0.015236364,0.4,SDR_873_resp_Plate2.csv
5/18/2023,D3,-0.002585294,-0.002585294,-0.005084848,0.4,SDR_873_resp_Plate2.csv
5/18/2023,D4,-0.021924561,-0.021684211,-0.021437063,0.4,SDR_873_resp_Plate2.csv
5/18/2023,D5,-0.00857013,-0.008927273,-0.008927273,0.4,SDR_873_resp_Plate2.csv
5/18/2023,D6,0.001153767,0.001927273,0.001927273,0.4,SDR_873_resp_Plate2.csv
4/20/2022,A1,-0.000280664,0.00033179,0.00033179,0.4,RR_4.20.22_resp_Plate1.csv
4/20/2022,A2,6.15E-05,0.000118677,0.000122066,0.4,RR_4.20.22_resp_Plate1.csv
4/20/2022,A3,-3.66E-05,0.000165345,0.000165345,0.4,RR_4.20.22_resp_Plate1.csv
4/20/2022,A4,-0.000221663,-0.000568675,-0.000568675,0.4,RR_4.20.22_resp_Plate1.csv
4/20/2022,A5,0.000526934,0.000526934,0.001776472,0.4,RR_4.20.22_resp_Plate1.csv
4/20/2022,A6,-1.28E-05,-0.001480108,-0.001480108,0.4,RR_4.20.22_resp_Plate1.csv
4/20/2022,B1,-0.000315492,0.000230396,0.000230396,0.4,RR_4.20.22_resp_Plate1.csv
4/20/2022,B2,0.000353298,0.000237888,0.00021363,0.4,RR_4.20.22_resp_Plate1.csv
4/20/2022,B3,0.000116652,0.000116652,0.000116652,0.4,RR_4.20.22_resp_Plate1.csv
4/20/2022,B4,-0.000174973,-7.17E-05,-7.17E-05,0.4,RR_4.20.22_resp_Plate1.csv
4/20/2022,B5,5.29E-05,-9.04E-05,-2.59E-05,0.4,RR_4.20.22_resp_Plate1.csv
4/20/2022,B6,-0.000123673,-9.78E-05,0.000813022,0.4,RR_4.20.22_resp_Plate1.csv
4/20/2022,C1,1.24E-05,0.00027885,0.00027885,0.4,RR_4.20.22_resp_Plate1.csv
4/20/2022,C2,-0.000274538,-7.41E-05,-7.41E-05,0.4,RR_4.20.22_resp_Plate1.csv
4/20/2022,C3,0.000418203,0.000418203,0.000418203,0.4,RR_4.20.22_resp_Plate1.csv
4/20/2022,C4,-7.38E-05,0.000317696,0.000317696,0.4,RR_4.20.22_resp_Plate1.csv
4/20/2022,C5,-0.000289514,-0.000105864,-0.000105864,0.4,RR_4.20.22_resp_Plate1.csv
4/20/2022,C6,0.000369628,0.00029388,-0.000575126,0.4,RR_4.20.22_resp_Plate1.csv
4/20/2022,D1,0.00013564,-0.001225692,-0.001225692,0.4,RR_4.20.22_resp_Plate1.csv
4/20/2022,D2,-0.000167103,-0.000167103,-0.000214026,0.4,RR_4.20.22_resp_Plate1.csv
4/20/2022,D3,-3.80E-05,0.000581436,0.000581436,0.4,RR_4.20.22_resp_Plate1.csv
4/20/2022,D4,0.000246341,0.000246341,0.000227233,0.4,RR_4.20.22_resp_Plate1.csv
4/20/2022,D5,0.000333157,0.000492791,0.001397144,0.4,RR_4.20.22_resp_Plate1.csv
4/20/2022,D6,0.000848961,0.000848961,0.000484373,0.4,RR_4.20.22_resp_Plate1.csv
4/20/2022,A1,-0.00089677,-0.001998237,-0.001998237,0.4,RR_4.20.22_resp_Plate2.csv
4/20/2022,A2,0.000352643,0.000382704,0.000382704,0.4,RR_4.20.22_resp_Plate2.csv
4/20/2022,A3,-0.000301455,-0.000237476,-0.000237476,0.4,RR_4.20.22_resp_Plate2.csv
4/20/2022,A4,-0.000387641,-0.000124766,-0.000124766,0.4,RR_4.20.22_resp_Plate2.csv
4/20/2022,A5,-0.000418972,9.11E-05,9.11E-05,0.4,RR_4.20.22_resp_Plate2.csv
4/20/2022,A6,-0.00012957,5.34E-05,5.34E-05,0.4,RR_4.20.22_resp_Plate2.csv
4/20/2022,B1,-0.000741356,-0.000539497,-0.000400147,0.4,RR_4.20.22_resp_Plate2.csv
4/20/2022,B2,3.11E-05,-0.000267909,-0.000580028,0.4,RR_4.20.22_resp_Plate2.csv
4/20/2022,B3,-0.000543593,-0.000528168,-0.000359607,0.4,RR_4.20.22_resp_Plate2.csv
4/20/2022,B4,-0.000569716,-0.000841539,-0.000841539,0.4,RR_4.20.22_resp_Plate2.csv
4/20/2022,B5,-0.000774978,-0.000828673,-0.000828673,0.4,RR_4.20.22_resp_Plate2.csv
4/20/2022,B6,-4.40E-05,-4.08E-05,-4.40E-05,0.4,RR_4.20.22_resp_Plate2.csv
4/20/2022,C1,-0.000484992,-0.000484992,-0.000339532,0.4,RR_4.20.22_resp_Plate2.csv
4/20/2022,C2,1.90E-05,1.58E-05,-0.000518105,0.4,RR_4.20.22_resp_Plate2.csv
4/20/2022,C3,0.000993226,0.000361674,0.000361674,0.4,RR_4.20.22_resp_Plate2.csv
4/20/2022,C4,-0.000313238,-0.000313238,-0.000313238,0.4,RR_4.20.22_resp_Plate2.csv
4/20/2022,C5,-0.000148804,-0.000206153,-0.000206153,0.4,RR_4.20.22_resp_Plate2.csv
4/20/2022,C6,-0.000323576,-9.37E-05,0.000687495,0.4,RR_4.20.22_resp_Plate2.csv
4/20/2022,D1,0.000594557,5.51E-05,5.51E-05,0.4,RR_4.20.22_resp_Plate2.csv
4/20/2022,D2,-0.00051058,-0.00051952,-0.00051952,0.4,RR_4.20.22_resp_Plate2.csv
4/20/2022,D3,-0.000645396,-0.00065181,0.00065556,0.4,RR_4.20.22_resp_Plate2.csv
4/20/2022,D4,-0.000158659,9.21E-05,-5.62E-05,0.4,RR_4.20.22_resp_Plate2.csv
4/20/2022,D5,-0.00019396,0.000265509,0.000491462,0.4,RR_4.20.22_resp_Plate2.csv
4/20/2022,D6,-0.000789141,-0.00058884,-0.002239503,0.4,RR_4.20.22_resp_Plate2.csv
4/20/2022,A1,0.000218117,0.000195508,0.000195508,0.4,RR_4.20.22_resp_Plate3.csv
4/20/2022,A2,0.001101522,0.001675646,0.001675646,0.4,RR_4.20.22_resp_Plate3.csv
4/20/2022,A3,-0.000300794,-0.000395674,-0.000395674,0.4,RR_4.20.22_resp_Plate3.csv
4/20/2022,A4,0.001108034,0.001149116,0.001160534,0.4,RR_4.20.22_resp_Plate3.csv
4/20/2022,A5,0.000676801,0.000671231,0.000815345,0.4,RR_4.20.22_resp_Plate3.csv
4/20/2022,A6,0.000521544,0.000602214,0.000602214,0.4,RR_4.20.22_resp_Plate3.csv
4/20/2022,B1,0.001560792,0.001527492,0.001057884,0.4,RR_4.20.22_resp_Plate3.csv
4/20/2022,B2,0.001393745,0.001393745,0.001393745,0.4,RR_4.20.22_resp_Plate3.csv
4/20/2022,B3,0.00121991,0.00121991,0.00121991,0.4,RR_4.20.22_resp_Plate3.csv
4/20/2022,B4,0.000525648,0.000328122,0.000328122,0.4,RR_4.20.22_resp_Plate3.csv
4/20/2022,B5,0.000621698,0.000602439,0.000602439,0.4,RR_4.20.22_resp_Plate3.csv
4/20/2022,B6,0.000698946,0.000701282,0.000701282,0.4,RR_4.20.22_resp_Plate3.csv
4/20/2022,C1,0.000726661,0.000726661,0.000768471,0.4,RR_4.20.22_resp_Plate3.csv
4/20/2022,C2,0.001468839,0.001468839,0.001468839,0.4,RR_4.20.22_resp_Plate3.csv
4/20/2022,C3,0.001141473,0.001141473,0.001625692,0.4,RR_4.20.22_resp_Plate3.csv
4/20/2022,C4,0.001216551,0.00121829,0.00137845,0.4,RR_4.20.22_resp_Plate3.csv
4/20/2022,C5,-0.000210161,-0.000210161,-0.000210161,0.4,RR_4.20.22_resp_Plate3.csv
4/20/2022,C6,0.000852647,0.000791422,0.000791422,0.4,RR_4.20.22_resp_Plate3.csv
4/20/2022,D1,0.000955659,0.000927007,0.000931012,0.4,RR_4.20.22_resp_Plate3.csv
4/20/2022,D2,0.001470725,0.001470725,0.001470725,0.4,RR_4.20.22_resp_Plate3.csv
4/20/2022,D3,0.001635403,0.00104837,0.002034735,0.4,RR_4.20.22_resp_Plate3.csv
4/20/2022,D4,0.001658117,0.001615601,0.002621482,0.4,RR_4.20.22_resp_Plate3.csv
4/20/2022,D5,0.00087536,0.000868066,0.000925089,0.4,RR_4.20.22_resp_Plate3.csv
4/20/2022,D6,-0.002216629,-0.002216629,-0.002179563,0.4,RR_4.20.22_resp_Plate3.csv
4/7/2023,A1,-0.013027011,-0.013027011,-0.013342214,0.4,SDR_799_resp_Plate1.csv
4/7/2023,A2,-0.013081517,-0.013747209,-0.013596811,0.4,SDR_799_resp_Plate1.csv
4/7/2023,A3,-0.017864609,-0.017394932,-0.017394932,0.4,SDR_799_resp_Plate1.csv
4/7/2023,A4,-0.014288274,-0.014697038,-0.014697038,0.4,SDR_799_resp_Plate1.csv
4/7/2023,A5,-0.021325946,-0.021674336,-0.021674336,0.4,SDR_799_resp_Plate1.csv
4/7/2023,A6,-0.005245334,-0.005078374,-0.005078374,0.4,SDR_799_resp_Plate1.csv
4/7/2023,B1,-0.016453228,-0.016807329,-0.016807329,0.4,SDR_799_resp_Plate1.csv
4/7/2023,B2,-0.012129981,-0.01265991,-0.01265991,0.4,SDR_799_resp_Plate1.csv
4/7/2023,B3,-0.013725658,-0.01245885,-0.01245885,0.4,SDR_799_resp_Plate1.csv
4/7/2023,B4,-0.009482664,-0.009727586,-0.007579493,0.4,SDR_799_resp_Plate1.csv
4/7/2023,B5,-0.005486858,-0.00607323,-0.006026836,0.4,SDR_799_resp_Plate1.csv
4/7/2023,B6,-0.006278009,-0.006278009,-0.00640666,0.4,SDR_799_resp_Plate1.csv
4/7/2023,C1,-0.013476041,-0.013379469,-0.013707786,0.4,SDR_799_resp_Plate1.csv
4/7/2023,C2,-0.004872636,-0.001877674,-0.001877674,0.4,SDR_799_resp_Plate1.csv
4/7/2023,C3,-0.012899825,-0.012156834,-0.012156834,0.4,SDR_799_resp_Plate1.csv
4/7/2023,C4,-0.013922097,-0.0144367,-0.014900102,0.4,SDR_799_resp_Plate1.csv
4/7/2023,C5,-0.009134414,-0.009683959,-0.007287282,0.4,SDR_799_resp_Plate1.csv
4/7/2023,C6,-0.007057558,-0.007085039,-0.007085039,0.4,SDR_799_resp_Plate1.csv
4/7/2023,D1,-0.012790443,-0.012935652,-0.012935652,0.4,SDR_799_resp_Plate1.csv
4/7/2023,D2,-0.013983428,-0.013983428,-0.013184496,0.4,SDR_799_resp_Plate1.csv
4/7/2023,D3,-0.012258433,-0.01220733,-0.01220733,0.4,SDR_799_resp_Plate1.csv
4/7/2023,D4,-0.002681254,-0.002562978,-0.002562978,0.4,SDR_799_resp_Plate1.csv
4/7/2023,D5,-0.002355535,-0.002270593,-0.002270593,0.4,SDR_799_resp_Plate1.csv
4/7/2023,D6,-0.003431376,-0.003457542,-0.003525485,0.4,SDR_799_resp_Plate1.csv
4/7/2023,A1,-0.017584721,-0.017653043,-0.017948718,0.4,SDR_873_resp_Plate2.csv
4/7/2023,A2,-0.016245377,-0.016245377,-0.016245377,0.4,SDR_873_resp_Plate2.csv
4/7/2023,A3,-0.021728417,-0.02153136,-0.021549351,0.4,SDR_873_resp_Plate2.csv
4/7/2023,A4,-0.024311485,-0.024732842,-0.022190909,0.4,SDR_873_resp_Plate2.csv
4/7/2023,A5,-0.02871226,-0.025163043,-0.030759677,0.4,SDR_873_resp_Plate2.csv
4/7/2023,A6,-0.013664919,-0.013630631,-0.013630631,0.4,SDR_873_resp_Plate2.csv
4/7/2023,B1,-0.007662102,-0.007662102,-0.007181818,0.4,SDR_873_resp_Plate2.csv
4/7/2023,B2,-0.013216243,-0.013216243,-0.013216243,0.4,SDR_873_resp_Plate2.csv
4/7/2023,B3,-0.011491228,-0.011620728,-0.010643704,0.4,SDR_873_resp_Plate2.csv
4/7/2023,B4,-0.012539104,-0.012435514,-0.012435514,0.4,SDR_873_resp_Plate2.csv
4/7/2023,B5,-0.028776751,-0.028785332,-0.028785332,0.4,SDR_873_resp_Plate2.csv
4/7/2023,B6,-0.008135889,-0.008135889,-0.008135889,0.4,SDR_873_resp_Plate2.csv
4/7/2023,C1,-0.018936842,-0.018679199,-0.018679199,0.4,SDR_873_resp_Plate2.csv
4/7/2023,C2,-0.019454858,-0.019454858,-0.019102597,0.4,SDR_873_resp_Plate2.csv
4/7/2023,C3,-0.017076102,-0.017314658,-0.018477193,0.4,SDR_873_resp_Plate2.csv
4/7/2023,C4,-0.023786325,-0.021921368,-0.021921368,0.4,SDR_873_resp_Plate2.csv
4/7/2023,C5,-0.019244818,-0.019143522,-0.019375188,0.4,SDR_873_resp_Plate2.csv
4/7/2023,C6,-0.019966572,-0.01938783,-0.01938783,0.4,SDR_873_resp_Plate2.csv
4/7/2023,D1,-0.017539254,-0.017951403,-0.01751129,0.4,SDR_873_resp_Plate2.csv
4/7/2023,D2,-0.015668449,-0.01577121,-0.015533333,0.4,SDR_873_resp_Plate2.csv
4/7/2023,D3,-0.018249826,-0.018537247,-0.018901504,0.4,SDR_873_resp_Plate2.csv
4/7/2023,D4,-0.007233972,-0.007364615,-0.007364615,0.4,SDR_873_resp_Plate2.csv
4/7/2023,D5,-0.015883594,-0.015883594,-0.016404615,0.4,SDR_873_resp_Plate2.csv
4/7/2023,D6,-0.006223988,-0.006057821,-0.006057821,0.4,SDR_873_resp_Plate2.csv
4/7/2023,A1,-0.014797243,-0.014797243,-0.013592982,0.4,SDR_979_resp_Plate3.csv
4/7/2023,A2,-0.018579552,-0.019169565,-0.019169565,0.4,SDR_979_resp_Plate3.csv
4/7/2023,A3,-0.009691317,-0.010127967,-0.009303922,0.4,SDR_979_resp_Plate3.csv
4/7/2023,A4,-0.014454342,-0.014532468,-0.014532468,0.4,SDR_979_resp_Plate3.csv
4/7/2023,A5,-0.013756154,-0.01257013,-0.01257013,0.4,SDR_979_resp_Plate3.csv
4/7/2023,A6,-0.014191453,-0.014191453,-0.01376601,0.4,SDR_979_resp_Plate3.csv
4/7/2023,B1,-0.040268775,-0.039925974,-0.039130882,0.4,SDR_979_resp_Plate3.csv
4/7/2023,B2,-0.013352767,-0.013738426,-0.01256185,0.4,SDR_979_resp_Plate3.csv
4/7/2023,B3,-0.024231322,-0.024690768,-0.02394812,0.4,SDR_979_resp_Plate3.csv
4/7/2023,B4,-0.004866644,-0.004482707,-0.004482707,0.4,SDR_979_resp_Plate3.csv
4/7/2023,B5,-0.013265726,-0.01418961,-0.015314757,0.4,SDR_979_resp_Plate3.csv
4/7/2023,B6,-0.017129445,-0.017129445,-0.016919481,0.4,SDR_979_resp_Plate3.csv
4/7/2023,C1,-0.010490991,-0.007797403,-0.007797403,0.4,SDR_979_resp_Plate3.csv
4/7/2023,C2,-0.014369748,-0.014369748,-0.013758824,0.4,SDR_979_resp_Plate3.csv
4/7/2023,C3,-0.013607792,-0.013361654,-0.013732843,0.4,SDR_979_resp_Plate3.csv
4/7/2023,C4,-0.019297199,-0.018884804,-0.019180599,0.4,SDR_979_resp_Plate3.csv
4/7/2023,C5,-0.017699099,-0.017699099,-0.017699099,0.4,SDR_979_resp_Plate3.csv
4/7/2023,C6,-0.007063866,-0.007628483,-0.007628483,0.4,SDR_979_resp_Plate3.csv
4/7/2023,D1,-0.0178917,-0.016952632,-0.016952632,0.4,SDR_979_resp_Plate3.csv
4/7/2023,D2,-0.009873846,-0.009987179,-0.009987179,0.4,SDR_979_resp_Plate3.csv
4/7/2023,D3,-0.013129132,-0.011833333,-0.011833333,0.4,SDR_979_resp_Plate3.csv
4/7/2023,D4,-0.012343874,-0.012866234,-0.012866234,0.4,SDR_979_resp_Plate3.csv
4/7/2023,D5,-0.007411688,-0.007411688,-0.007029915,0.4,SDR_979_resp_Plate3.csv
4/7/2023,D6,-0.00862069,-0.008424675,-0.008424675,0.4,SDR_979_resp_Plate3.csv
